Player_id,Player_name,Team,Role,Level,Nationality,Auction_price,Innings_Batted,Total_Runs,Batting_Avg,Batting_SR,Matches_Bowled,Total_Wickets,Bowling_Avg,Bowling_Econ,Batting_type,Bowling type,Total_4s,Total_6s,Bowling_SR,PPS_Score,Consistency_Score,Opening_Score,Middle_Score,Death_Score,Final_Phase_Score,RSI_Score,TCS_Score,FIS_Score,Overall_Score
RRB1,Vaibhav Suryavanshi,RR,Batter,Uncapped,India,110,7,252,36,206.56,0,0,,,Left-hand,Right Off-Spin,18,24,,99.91862552,97.98460162,98.94800253,99.34247972,99.55798279,100,99.15995623,99.7647015,97.21900106,99.24
CSKB5,Ayush Mhatre,CSK,Batter,Uncapped,India,30,7,240,34.29,188.98,0,0,,,Right-hand,Right Off-Spin,27,11,,99.41900185,97.41108925,98.43114346,98.7344214,98.32431708,100,97.83431405,97.65961319,99.75245561,98.5
PBKSB5,Priyansh Arya,PBKS,Batter,Uncapped,India,380,14,424,30.29,191.86,0,0,,,Left-hand,Right Off-Spin,48,25,,98.90538478,97.42276999,98.38146966,97.42553836,96.38564279,100,97.38162606,99.16289677,30,91.71
CSKW4,Urvil Patel,CSK,Wicket Keeper,Uncapped,India,30,3,68,22.67,212.5,0,0,,,Right-hand,,5,6,,97.95369411,94.41946929,96.9105881,93.4481145,97.63243001,100,94.74056855,97.1941744,30,90.12
DCW2,Abishek Porel,DC,Wicket Keeper,Uncapped,India,400,13,301,25.08,146.83,0,0,,,Left-hand,Left Off-Spin,28,12,,80.17399894,69.73530221,92.62257732,82.60478427,93.13152542,99.86199633,86.16945086,91.54469209,94.14122573,87.82
SRHB5,Aniket Verma,SRH,Batter,Uncapped,India,30,12,236,26.22,166.2,0,0,,,Right-hand,Right Medium-Fast,12,20,,83.93212052,81.44784476,98.50403813,77.73024129,98.92617045,100,87.43151872,86.88692525,81.93519443,87.51
LSGA2,Mitchell Marsh,LSG,All Rounder,capped,Australia,340,13,627,48.23,163.71,0,0,,,Right-hand,Right Medium,56,35,,98.92629885,97.22668325,85.80172715,98.17956257,88.77229625,90.44377116,74.89332491,95.89905563,63.28392028,86.64
CSKB6,Dewald Brevis,CSK,Batter,capped,South Africa,220,6,225,37.5,180,0,0,,,Right-hand,Right Leg-Spin,13,17,,96.82462126,95.05724563,86.28010889,91.14408863,90.83624012,89.42748465,85.37426238,91.28851217,30,84.61
RRB3,Yashasvi Jaiswal,RR,Batter,capped,India,1800,14,559,43,159.71,0,0,,,Left-hand,Right Leg-Spin,60,28,,92.13306825,92.73387826,91.01001751,89.25442628,86.73996448,88.69484173,83.89768722,86.74530838,50.02407515,84.06
GTB1,Sai Sudharsan,GT,Batter,capped,India,850,14,676,52,155.76,0,0,,,Left-hand,Right Leg-Spin,78,20,,80.10238309,81.31656386,86.81145462,91.13538424,76.11156318,83.35716038,87.39412013,93.02150878,50.02214445,82.76
RCBW1,Phil Salt,RCB,Wicket Keeper,capped,England,1150,11,331,30.09,171.5,0,0,,,Right-hand,Right Off-Spin,40,18,,88.84964647,78.3179861,83.54811323,82.34832208,79.76355907,82.01091882,77.81690503,89.13167933,63.46206088,81.54
PBKSW2,Josh Inglis,PBKS,Wicket Keeper,capped,Australia,260,8,197,32.83,164.17,0,0,,,Right-hand,Right Off-Spin,20,10,,92.32447577,91.14712653,89.42268862,88.8954198,88.09145436,88.83417533,72.5134838,78.88224914,63.91466907,80.53
SRHW1,Heinrich Klaasen,SRH,Wicket Keeper,capped,South Africa,2300,13,487,44.27,172.7,0,0,,,Right-hand,Right Off-Spin,42,25,,80.70092129,97.48458132,89.72974527,96.31785758,92.82132384,92.3693303,84.28590932,82.4365834,30,80.39
PBKSW1,Prabhsimran Singh,PBKS,Wicket Keeper,capped,India,400,14,499,35.64,165.78,0,0,,,Right-hand,,53,27,,86.42921503,70.97977936,81.1363071,81.29915725,80.89215736,81.07830373,81.69365656,92.15189396,30,78.69
RCBB1,Virat Kohli,RCB,Batter,Elite,India,2100,13,602,60.2,147.91,0,0,,,Right-hand,Right Unorthodox,60,19,,87.09199988,89.11973482,78.3567392,84.04618585,69.24641341,78.62376976,73.43119893,78.98841454,51.61982541,77.04
KKRB2,Ajinkya Rahane,KKR,Batter,capped,India,150,12,390,35.45,147.73,0,0,,,Right-hand,Right Off-Spin,35,20,,80.18795235,79.05701363,82.64515177,78.39388923,79.86989512,80.54420448,75.13235527,84.70411546,30,74.97
CSKB3,Shaik Rasheed,CSK,Batter,Uncapped,India,30,5,71,14.2,112.7,0,0,,,Right-hand,Right Leg-Spin,9,2,,71.05453463,60.32385327,86.39768376,72.29880911,85.14218194,82.08256024,66.34597222,83.36864034,83.73254567,74.8
LSGB3,Aiden Markram,LSG,Batter,capped,South Africa,200,13,445,34.23,148.83,5,4,25.5,9.27,Right-hand,Right Off-Spin,38,28,16.5,78.08874077,68.23357574,71.21893779,75.52983817,71.97223929,72.64126372,77.11915204,91.51867117,30,74.59
RCBA4,Jacob Bethell,RCB,All Rounder,capped,England,260,2,67,33.5,171.79,0,0,,,Left-hand,Left Off-Spin,9,3,,89.12628682,83.87952512,89.60167712,86.74080649,85.17127572,85.9560679,66.49295553,89.49579944,30,74.54
MIB2,Surya kumar Yadav,MI,Batter,Elite,India,1635,14,640,71.11,167.98,0,0,,,Right-hand,Right Off-Spin,64,32,,74.11834835,90.38524939,76.74166335,85.48953079,73.73500625,78.06273187,77.24561864,71.3934483,48.51487515,73.88
GTB2,Shubman Gill,GT,Batter,Elite,India,1650,14,649,54.08,156.39,0,0,,,Right-hand,Right Off-Spin,62,24,,75.18367483,71.39053814,72.70904038,77.32043862,70.43140203,72.87249904,75.16829177,78.93523124,57.01188332,73.57
KKRB1,Manish Pandey,KKR,Batter,capped,India,75,3,92,46,141.54,0,0,,,Right-hand,Right Off-Spin,5,5,,73.81734272,82.62303928,78.34570295,82.05610677,81.27788884,80.02844686,71.64288903,70.81758504,64.11964207,73.37
DCB3,Sameer Rizvi,DC,Batter,capped,India,95,4,119,39.67,148.75,0,0,,,Right-hand,Right Off-Spin,11,7,,66.2062066,86.37233391,83.47089966,87.59655443,85.25391104,85.19189661,75.94779038,69.72746582,54.85334057,73.25
DCB2,Karun Nair,DC,Batter,capped,India,50,8,198,24.75,172.17,0,0,,,Right-hand,Right Off-Spin,24,10,,77.16990544,66.48900086,73.56256399,68.84178381,69.83363781,70.90744815,73.09796624,78.76471826,62.40626926,73.07
RRB4,Shubham Dubey,RR,Batter,Uncapped,India,80,8,106,26.5,160.61,0,0,,,Left-hand,Right Off-Spin,6,8,,62.98726534,71.13319716,93.52446028,73.80214766,94.20957859,99.70304292,76.5437541,60.75043116,67.02692927,72.54
SRHB1,Atharva Taide,SRH,Batter,Uncapped,India,30,1,13,13,144.44,0,0,,,Left-hand,Left Off-Spin,3,0,,72.26823865,72.27153246,97.18554422,73.87875155,92.54718397,100,68.83570865,76.84021387,30,72.49
RRW1,Sanju Samson,RR,Wicket Keeper,capped,India,1800,9,285,31.67,139.02,0,0,,,Right-hand,Right Off-Spin,27,13,,75.30218317,75.58501558,77.31203195,80.04603858,77.29362685,78.06617285,73.12261689,80.23495225,30,71.9
SRHB2,Travis Head,SRH,Batter,Elite,Australia,1400,12,374,31.17,162.61,0,0,,,Left-hand,Right Off-Spin,50,15,,86.89062388,71.14799454,72.54568157,73.30124354,70.6436214,72.1118936,67.23826895,75.97546278,48.50613441,71.62
RRW2,Dhruv Jurel,RR,Wicket Keeper,capped,India,1400,13,333,37,156.34,0,0,,,Right-hand,,22,22,,73.62287777,79.4793201,81.05704264,77.21442252,85.12837515,81.52203741,71.55792448,68.59762341,49.96082632,71.25
RCBB6,Devdutt Padikkal,RCB,Batter,capped,India,200,10,247,27.44,150.61,0,0,,,Right-hand,Right Off-Spin,21,14,,75.25425128,62.97147266,71.08800346,70.95033564,71.29117014,71.12451981,69.82253008,79.52248083,50.02214445,70.59
RCBW2,Jitesh Sharma,RCB,Wicket Keeper,capped,India,1100,10,237,39.5,171.74,0,0,,,Right-hand,Right Off-Spin,22,15,,66.27917333,90.38835446,86.82082093,88.19005356,88.04907293,87.59563385,73.87552425,58.82739857,50.05800587,70.3
PBKSB3,Shreyas Iyer,PBKS,Batter,Elite,India,2675,14,516,51.6,172.58,0,0,,,Right-hand,Right Off-Spin,38,31,,73.69476837,70.46676487,70.57937115,71.98735643,69.19632086,70.40516344,72.36885305,68.27671011,60.44767519,69.87
PBKSB1,Nehal Wadhera,PBKS,Batter,capped,India,420,12,298,33.11,152.04,1,0,,10.8,Left-hand,Right Leg-Spin,23,18,,72.64374713,55.61530575,73.337477,63.2696279,72.64426805,71.61546736,69.21671066,73.47923973,69.29165332,69.8
MIW1,Ryan Rickelton,MI,Wicket Keeper,capped,South Africa,100,14,388,29.85,150.97,0,0,,,Left-hand,,47,17,,76.67815263,65.88565542,80.15806112,75.91312691,76.06800089,77.81499454,71.58246704,76.31390134,30,69.74
MIB1,Rohit Sharma,MI,Batter,Elite,India,1630,13,369,30.75,165.47,0,0,,,Right-hand,Right Off-Spin,31,18,,79.62840697,54.38463332,73.03913635,61.35690607,69.85300308,66.26399193,75.24201244,69.87631944,61.25226083,69.73
LSGW2,Nicholas Pooran,LSG,Wicket Keeper,Elite,West Indies,2100,14,524,43.67,196.25,0,0,,,Left-hand,Right Off-Spin,45,40,,66.62572117,65.15007395,71.02024387,64.72203606,70.29644738,69.54824664,76.17055812,74.03498303,51.7212908,69.66
SRHW2,Ishan Kishan,SRH,Wicket Keeper,capped,India,1125,13,354,35.4,152.59,2,0,,9.69,Left-hand,Right Off-Spin,33,15,,76.16791756,80.74308731,81.00127054,89.02793621,79.01647733,82.13012007,73.26875753,65.08992587,30,69.41
DCO1,Vipraj Nigam,DC,Bowler,Uncapped,India,50,8,142,20.29,179.75,13,11,32.36,9.13,Right-hand,Right Leg-Spin,15,8,21.27,66.2129983,85.8178729,75.22032107,83.41618923,75.8392032,79.84605441,30,92.25345877,81.8052226,69.23
CSKW1,Devon Conway,CSK,Wicket Keeper,capped,New Zealand,625,6,156,26,131.09,0,0,,,Left-hand,Right Medium,17,4,,81.0560359,65.49395201,75.94162454,76.84055708,69.9939262,73.83397962,66.6624401,78.26071321,30,69.01
RCBB2,Rajat Patidar,RCB,Batter,capped,India,1100,12,271,22.58,140.41,0,0,,,Right-hand,Right Off-Spin,23,11,,67.25909708,58.25741949,74.04727423,57.70076949,71.82767217,68.14037105,66.42186236,79.39701588,63.23562291,68.91
SRHA2,Abhishek Sharma,SRH,All Rounder,capped,India,1400,13,439,33.77,193.39,6,0,,10.18,Left-hand,Left Off-Spin,47,28,,89.21462508,69.60037508,74.69496133,72.6641571,76.07824913,74.36417169,55.85350858,90.79344753,30,68.81
DCB1,Faf du Plessis,DC,Batter,capped,South Africa,200,9,202,22.44,123.93,0,0,,,Right-hand,Right Off-Spin,18,8,,67.04888907,53.84906316,69.9011746,61.51929288,66.78821293,67.07877746,64.63919606,76.70437152,63.05559746,67.15
KKRB4,Angkrish Raghuvanshi,KKR,Batter,capped,India,300,11,300,33.33,139.53,0,0,,,Right-hand,Left Off-Spin,30,8,,69.43583479,58.83965637,70.95032541,67.45008036,65.73219081,68.15707643,68.94280308,80.52323746,30,66.89
MIB3,Tilak Varma,MI,Batter,capped,India,800,11,274,30.44,131.73,0,0,,,Left-hand,Right Off-Spin,21,11,,62.3575395,54.11824468,63.30767779,56.01296803,61.67150109,61.13983864,66.62445011,75.67213956,70.46331218,66.56
DCB4,Sediqullah Atal,DC,Batter,capped,Afghanistan,125,1,22,22,137.5,0,0,,,Left-hand,,0,2,,70.26036733,66.50521711,72.84544011,68.51767205,80.19683517,76.52145283,63.81527519,74.52143374,30,66.25
GTW4,Jos Buttler,GT,Wicket Keeper,Elite,England,1575,13,538,59.78,163.03,0,0,,,Right-hand,,52,24,,68.19485175,62.23596209,66.70144361,65.14391136,65.42982878,65.91797989,73.16020349,65.57295434,51.53552031,66.18
RRA1,Riyan Parag,RR,All Rounder,capped,India,1400,14,393,32.75,166.53,9,3,56.67,8.5,Right-hand,Right Off-Spin,27,27,40,61.81954359,57.86673691,56.61672645,54.4698471,56.56556046,55.68419075,52.93341476,77.8019627,87.75418626,65.62
CSKB1,Ruturaj Gaikwad,CSK,Batter,capped,India,1800,5,122,24.4,150.62,0,0,,,Right-hand,Right Off-Spin,14,4,,67.81935574,53.08542361,66.88678477,60.82665484,62.09185839,63.68606121,69.80018824,79.02591589,30,65.24
DCW1,Tristan Stubbs,DC,Wicket Keeper,capped,South Africa,1000,13,288,48,144.72,2,0,,19,Right-hand,Right Off-Spin,25,11,,57.69257087,58.4199541,72.14501946,61.60922329,68.66537532,68.39895897,66.13582447,58.13436122,93.10101284,65.13
LSGA1,Ayush Badoni,LSG,All Rounder,capped,India,400,11,329,32.9,148.2,2,2,6.5,7.8,Right-hand,Right Off-Spin,27,14,5,70.22739991,59.77483628,62.12365359,64.64581291,61.87954229,62.76022957,49.94375959,83.4407048,62.44473259,64.96
DCW4,K L Rahul,DC,Wicket Keeper,Elite,India,1400,13,539,53.9,149.72,0,0,,,Right-hand,Right Off-Spin,52,21,,66.21843143,64.06613539,74.67265158,72.88350741,67.89271022,71.36048856,71.45293766,67.77033196,30,64.85
RRB5,Nitish Rana,RR,Batter,capped,India,420,11,215,21.5,160.45,2,0,,9,Left-hand,Right Off-Spin,27,9,,66.58193881,51.70651557,77.80366368,56.9247096,73.37064034,73.34250871,66.65585184,74.92336852,30,64.55
MIA4,Will Jacks,MI,All Rounder,capped,England,525,11,233,23.3,135.47,8,6,20,8.57,Right-hand,Right Off-Spin,22,11,14,63.3398595,58.77690783,64.42207141,55.90120985,62.49856505,59.98403624,49.16395132,78.862204,75.66959543,64.27
KKRW2,Rahmanullah Gurbaz,KKR,Wicket Keeper,capped,Afghanistan,200,5,74,18.5,139.62,0,0,,,Right-hand,Right Medium,10,3,,73.30737915,59.22280135,75.99050564,62.71602932,72.51300503,71.03448478,59.96523043,72.84120532,30,63.78
CSKA2,Rachin Ravindra,CSK,All Rounder,capped,New Zealand,400,8,191,27.29,128.19,0,0,,,Left-hand,Left Off-Spin,18,4,,67.50636058,56.27789544,68.46667557,62.12978411,61.86417231,64.0574994,57.5215882,67.08626147,70.43755028,63.66
LSGB2,David Miller,LSG,Batter,capped,South Africa,750,11,163,32.6,135.83,0,0,,,Left-hand,Right Off-Spin,13,4,,68.80825792,58.59611246,75.73091844,59.74303064,73.26412265,71.37893345,59.96190471,58.95865944,69.67327287,63.59
GTA4,Sherfane Rutherford,GT,All Rounder,capped,West Indies,260,10,267,33.38,157.06,0,0,,,Left-hand,Right Fast-Medium,18,18,,74.65581751,66.17710878,70.27827907,67.42393209,73.0204246,70.38410201,61.51585165,75.41076391,30,63.57
MIB4,Naman Dhir,MI,Batter,capped,India,535,10,206,34.33,180.7,1,0,,4,Right-hand,Right Off-Spin,17,12,,64.11707442,69.57109827,82.75316714,64.39923904,84.6841204,76.92863809,69.86449244,59.50670383,30,63.46
RRB2,Shimron Hetmyer,RR,Batter,capped,West Indies,1100,13,239,21.73,145.73,0,0,,,Left-hand,,17,11,,62.59523289,58.50510187,77.34603732,57.24865068,75.69890742,71.40569575,62.28970822,67.72427924,49.74230714,63.43
RCBB4,Tim David,RCB,Batter,capped,Australia,300,9,187,62.33,185.15,0,0,,,Right-hand,Right Off-Spin,16,14,,58.40706905,55.21323636,73.63644777,54.99413205,72.36173361,68.61010673,71.42310437,58.04933504,63.76126715,63.32
DCA1,Ashutosh Sharma,DC,All Rounder,capped,India,380,9,204,29.14,160.63,0,0,,,Right-hand,Right Off-Spin,14,13,,68.67149051,60.96732029,73.57466591,67.65308035,75.84558928,73.12132722,59.36564378,65.2513906,49.85194794,62.82
RCBB5,Mayank Agarwal,RCB,Batter,capped,India,100,2,52,52,157.58,0,0,,,Right-hand,Right Off-Spin,6,0,,60.12060465,72.93502023,82.87672566,77.64037611,73.54908528,77.54833614,69.92131785,57.11689006,30,62.7
CSKA4,Vijay Shankar,CSK,All Rounder,capped,India,120,5,118,39.33,129.67,0,0,,,Right-hand,Right Medium,8,3,,61.15979905,55.86312814,73.30367074,65.40755374,69.90722283,71.0610245,56.36075686,61.00312826,69.7319648,62.15
KKRB3,Rinku Singh,KKR,Batter,capped,India,1300,11,206,29.43,153.73,0,0,,,Left-hand,Right Off-Spin,20,10,,63.68989326,60.04957151,81.19304343,58.29420804,80.70306287,75.91842525,65.46988398,61.35927346,30,61.65
GTA2,Rahul Tewatia,GT,All Rounder,capped,India,400,11,83,10.38,172.92,0,0,,,Left-hand,Right Leg-Spin,5,6,,59.95307176,53.83259671,73.54967486,50.92091428,71.38065758,66.48814142,52.13299458,52.41104935,86.29361247,60.89
GTO7,Prasidh Krishna,GT,Bowler,capped,India,950,0,0,,,14,23,18.91,7.91,Right-hand,Right Fast,0,0,14.35,57.4393126,75.90422471,53.01056941,79.90152323,54.12055208,59.40869716,53.91301018,55.99320028,81.90116393,60.78
GTA1,Shahrukh Khan,GT,All Rounder,capped,India,400,10,166,33.2,178.49,1,1,13,13,Right-hand,Right Off-Spin,11,12,6,70.28801019,61.98533597,72.92879784,63.53561836,74.63799189,71.30244358,30,68.69969199,69.60545773,60.72
KKRA5,Sunil Narine,KKR,All Rounder,Elite,West Indies,1200,12,246,22.36,170.83,12,12,29.25,7.8,Left-hand,Right Off-Spin,25,19,22.5,62.43931724,63.73327762,59.07757694,59.35470477,59.41543815,59.30416961,53.46622426,73.7018419,48.45425533,60.52
MIA8,Corbin Bosch,MI,All Rounder,capped,South Africa,30,2,47,23.5,146.88,2,1,55,7.86,Right-hand,Right Fast-Medium,3,3,42,65.77135659,65.43585218,63.35159213,68.39090381,64.66961002,66.69157598,53.84533137,77.26139864,30,60.41
GTA9,Arshad Khan,GT,All Rounder,Uncapped,India,130,5,23,11.5,121.05,9,6,36.17,10.33,Left-hand,Left Fast-Medium,0,3,21,62.44466598,61.97881703,64.73162187,65.5349124,70.38667504,66.69156017,30,66.41010706,81.86093216,60.23
LSGW4,Rishabh Pant,LSG,Wicket Keeper,Elite,India,2700,13,269,24.45,133.17,0,0,,,Left-hand,,23,16,,59.67412772,77.36324142,75.20483044,81.01329753,77.03363699,76.91341712,58.78145858,56.42706817,30,60.03
CSKA1,Shivam Dube,CSK,All Rounder,capped,India,1200,14,357,32.45,132.22,1,0,,16.5,Left-hand,Right Medium-Fast,22,31,,68.49026019,59.75827618,69.38207211,62.71279102,71.71543551,68.45253804,30,71.12970889,63.09545465,59.2
MIO1,Jasprit Bumrah,MI,Bowler,Elite,India,1800,1,0,,0,10,17,14.65,6.33,Right-hand,Right Fast,0,0,13.88,57.63430997,75.26503998,52.80988183,68.23468287,53.91417536,60.72195703,53.67419157,52.80638831,71.24420317,59.02
SRHA5,Harsh Dubey,SRH,All Rounder,Uncapped,India,30,0,0,,,3,5,19.6,9.8,Left-hand,Left Off-Spin,0,0,12,63.54794316,97.72207211,67.0739332,93.98839832,75.71100963,78.83260893,30,61.79427648,30,58.87
SRHO8,Jaydev Unadkat,SRH,Bowler,capped,India,100,0,0,,,7,11,15.91,7.34,Left-hand,Left Medium-Fast,0,0,13,58.70240564,86.4501953,56.33784661,76.40884409,59.42723662,65.29108278,51.05192825,54.42285459,50.395884,58.65
PBKSA9,Marco Jansen,PBKS,All Rounder,capped,South Africa,700,8,75,18.75,119.05,14,16,27.12,9.2,Right-hand,Left Medium-Fast,3,4,17.69,56.9027915,71.82188783,53.7800698,67.15708982,55.19965984,58.550378,48.45640142,55.06260169,63.09545465,58.26
KKRA3,Venkatesh Iyer,KKR,All Rounder,Elite,India,2375,7,142,20.29,139.22,0,0,,,Left-hand,Right Off-Spin,15,4,,64.74485474,50.0727659,64.86324328,53.38698505,61.46258863,61.63970942,53.60891406,65.97909525,51.59017626,58.12
DCO7,Mustafizur Rahman,DC,Bowler,capped,Bangladesh,600,1,0,0,0,3,4,21.75,7.91,Left-hand,Left Medium-Fast,0,0,16.5,56.78209518,71.13056461,53.71611733,67.24634344,55.86179025,59.41051502,47.7036404,52.72815164,80.55316273,57.71
SRHO7,Eshan Malinga,SRH,Bowler,capped,Sri Lanka,120,0,0,,,7,13,18.31,8.92,Left-hand,Right Fast-Medium,0,0,12.31,59.20244546,90.5068651,57.05077941,78.34197523,61.30841795,66.19608834,50.97396518,56.43014542,30,57.71
CSKB4,Rahul Tripathi,CSK,Batter,capped,India,340,5,55,11,96.49,0,0,,,Right-hand,Right Medium,6,1,,58.91430508,51.46221422,67.96457526,55.19964489,63.62905404,63.40210363,52.86506815,58.47207748,63.10343626,57.64
KKRW1,Quinton de Kock,KKR,Wicket Keeper,capped,South Africa,360,8,152,21.71,129.91,0,0,,,Left-hand,,9,11,,60.59585833,52.35994588,62.44288199,54.72443611,64.28398059,60.45559981,62.48230875,62.01168021,30,57.52
RCBO10,Lungisani Ngidi,RCB,Bowler,capped,South Africa,100,1,0,,0,2,4,20.25,10.12,Right-hand,Right Fast-Medium,0,0,12,56.46924157,58.69803117,51.4340964,57.48092361,52.60834787,53.87553188,49.58853472,60.45732327,75.30528494,57.46
KKRA2,Ramandeep Singh,KKR,All Rounder,capped,India,400,7,47,9.4,134.29,0,0,,,Right-hand,Right Medium-Fast,1,4,,60.70419681,52.59010601,72.9900313,48.99011944,74.8417386,66.40345988,50.48278419,53.71820708,63.09545465,57.26
DCA3,Axar Patel,DC,All Rounder,Elite,India,1650,11,245,24.5,146.71,11,5,57.6,8.47,Left-hand,Left Off-Spin,23,15,40.8,60.79161059,53.04012926,56.70045632,54.01009809,55.44512176,55.32220748,49.94673082,64.71931952,56.55136242,56.79
LSGW1,Mathew Breetzke,LSG,Wicket Keeper,capped,South Africa,75,1,14,14,116.67,0,0,,,Right-hand,,1,1,,61.86902072,55.98792599,71.16596576,57.5505772,71.72127785,69.98305742,55.95169158,57.20319624,30,56.67
MIA6,Mitchell Santner,MI,All Rounder,capped,New Zealand,200,6,40,20,133.33,11,9,32,7.89,Left-hand,Left Off-Spin,2,3,24.33,57.22158864,64.86569574,57.22287653,63.51179056,58.26668759,59.22623481,30,55.33997023,82.48938105,56.64
SRHB3,Abhinav Manohar,SRH,Batter,capped,India,320,5,61,12.2,100,0,0,,,Right-hand,Right Leg-Spin,2,4,,64.13537007,53.51202451,63.67554487,60.94981185,66.41403975,64.08103772,53.93952624,61.67533541,30,56.49
RCBA1,Krunal Pandya,RCB,All Rounder,capped,India,575,6,105,21,129.63,13,15,23.47,8.59,Left-hand,Left Off-Spin,9,4,16.4,56.50179052,60.63649305,55.27900943,57.07081459,53.78670198,56.01177126,51.57496376,60.7461713,49.90884322,55.92
CSKW2,MS Dhoni,CSK,Wicket Keeper,Elite,India,400,13,196,24.5,135.17,0,0,,,Right-hand,Right Medium,12,12,,58.95424571,52.70180698,61.77924325,51.84348213,62.4535348,57.21092797,55.46728771,53.37030851,59.9381107,55.9
MIO2,Ashwani Kumar,MI,Bowler,Uncapped,India,30,0,0,,,5,8,18.62,11.46,Left-hand,Left Medium-Fast,0,0,9.75,58.86561365,73.16485856,57.82481393,73.75974834,61.47741917,64.17106726,30,58.88858919,76.71876086,55.67
CSKO7,Noor Ahmad,CSK,Bowler,capped,Afghanistan,1000,6,7,1.75,41.18,14,24,17,8.16,Left-hand,Left Leg-Spin,0,0,12.5,58.08187545,72.72240014,62.09584117,70.12146089,64.98539991,65.39473236,50.9853245,55.7767938,30,55.48
RCBA5,Romario Shepherd,RCB,All Rounder,capped,West Indies,150,2,53,53,353.33,5,4,29,11.6,Right-hand,Right Fast-Medium,4,6,15,56.46460275,57.86736651,55.98522944,59.74931387,57.66140438,58.38476328,68.05713616,55.99276138,30,55.22
SRHA1,Nitish Kumar Reddy,SRH,All Rounder,capped,India,600,11,182,22.75,118.95,3,2,23.5,9.4,Right-hand,Right Medium-Fast,16,4,15,55.55752314,52.35767274,56.61182184,50.03293575,54.88819946,52.76039372,47.3037931,65.18132344,55.31600154,54.9
GTA12,Washington Sundar,GT,All Rounder,capped,India,320,4,85,21.25,151.79,4,2,52,10.58,Left-hand,Right Off-spin,5,4,29.5,61.24678772,52.26438125,57.02230801,51.94949254,56.47599083,54.81481267,30,80.66574141,49.89571513,54.87
PBKSO1,Harpreet Brar,PBKS,Bowler,capped,India,150,1,7,,350,6,10,17.2,8.6,Left-hand,Left Off-Spin,0,1,12,57.25902826,73.13121517,63.74106718,63.07272506,66.08652484,64.03702821,48.1851006,56.69935052,30,54.73
CSKA7,Anshul Kamboj,CSK,All Rounder,capped,India,340,5,11,5.5,91.67,8,8,21.5,8,Right-hand,Right Medium-Fast,2,0,16.12,57.37155594,69.54276915,59.80947579,64.87849539,60.81964478,61.85486717,30,53.84314678,64.08603522,54.7
PBKSA5,Shashank Singh,PBKS,All Rounder,capped,India,550,11,284,56.8,149.47,1,0,,13.5,Right-hand,Right Medium,20,12,,62.43640028,73.9477924,79.21187277,75.84385187,77.83957708,77.82676805,30,58.3793715,30,54.31
LSGO6,Prince Yadav,LSG,Bowler,Uncapped,India,30,2,5,,50,6,3,75,9.85,Right-hand,Right Fast-Medium,0,0,45.67,56.4519155,66.11122863,62.85879386,67.80484956,63.1302351,64.67533452,30,52.05831942,89.95832487,54.29
DCB5,Jake Frazer McGurk,DC,Batter,capped,Australia,900,6,55,9.17,105.77,0,0,,,Right-hand,Right Off-Spin,7,2,,59.37621593,48.38122441,65.00341075,49.2435539,60.80761715,60.64262606,52.86487007,60.85916536,30,54.27
LSGO7,Akash Singh,LSG,Bowler,Uncapped,India,30,0,0,,,3,4,24.75,8.87,Right-hand,Left Medium-Fast,0,0,16.75,59.92738313,92.35843218,59.4454375,85.10689192,63.37806964,69.76828224,30,59.7077068,30,54.12
KKRO4,Harshit Rana,KKR,Bowler,capped,India,400,7,57,14.25,111.76,13,15,29.87,10.18,Right-hand,Right Fast,5,3,17.6,62.51155322,62.02953885,56.8751769,63.54006508,58.50423297,60.44056664,30,59.46926527,70.35119736,54.05
PBKSA8,Azmatullah Omarzai,PBKS,All Rounder,capped,Afghanistan,240,3,38,19,140.74,5,5,38.2,10.61,Right-hand,Right Medium-Fast,5,2,21.6,56.01341116,54.43859191,55.65332407,55.01372802,54.70428805,55.08566599,47.55001044,60.43579127,49.86679472,53.91
RRO1,Yudhvir Singh Charak,RR,Bowler,Uncapped,India,35,0,0,,,4,4,32.75,11.91,Right-hand,Right Medium-Fast,0,0,16.5,59.65030072,92.04747075,62.12751008,90.74185902,68.74472623,75.53545062,30,55.37425732,30,53.83
PBKSA7,Praveen Dubey,PBKS,All Rounder,Uncapped,India,30,0,0,,,1,1,20,10,Right-hand,Right Leg-Spin,0,0,12,59.42176405,85.26605343,57.12934695,74.73785209,59.79057496,63.66677802,30,60.04064398,30,53.76
RRO9,Jofra Archer,RR,Bowler,capped,England,1250,7,63,10.5,126,12,11,39.18,9.47,Right-hand,Right Fast,3,4,24.82,59.09945443,63.36154529,58.24822145,62.10082843,57.29370819,59.88766847,30,62.46532062,62.48327916,53.55
PBKSB06,Glenn Maxwell,PBKS,Batter,capped,Australia,420,6,48,8,97.96,6,4,27.5,8.46,Right-hand,Right Off-Spin,5,1,19.5,56.8496136,51.33139405,57.81477461,51.40802672,54.84647936,54.83626422,51.6426925,62.79252299,30,53.49
RRO4,Akash Madhwal,RR,Bowler,Uncapped,India,120,1,4,,44.44,4,4,41.5,11.07,Right-hand,Right Medium-Fast,0,0,22.5,59.08810299,89.45117048,62.5745028,87.49931032,68.15454867,73.35895661,30,56.39058781,30,53.41
RCBO6,Nuwan Thushara,RCB,Bowler,capped,Sri Lanka,160,0,0,,,1,1,26,6.5,Right-hand,Right Medium-Fast,0,0,24,56.02759793,70.12901046,51.79276366,66.90971872,51.8230013,57.77191867,48.15043027,56.94259047,30,53.36
RCBO1,Josh Hazlewood,RCB,Bowler,Elite,Australia,1250,1,0,,0,10,18,17.28,8.44,Right-hand,Right Medium-Fast,0,0,12.28,57.20922847,68.27102821,52.58759432,64.59705515,54.40349531,57.5562933,50.62475858,53.65332416,30,53.11
LSGA3,Abdul Samad,LSG,All Rounder,capped,India,420,12,164,20.5,176.34,1,0,,18,Right-hand,Right Leg-Spin,8,14,,63.35863691,51.3847942,66.90173979,52.79657072,68.45147449,65.13328327,30,58.06538186,55.01121507,52.85
DCO2,Kuldeep Yadav,DC,Bowler,Elite,India,1325,5,18,6,112.5,13,15,24.07,7.08,Left-hand,Left Leg-Spin,2,0,20.4,55.4465973,56.28078351,51.79275742,53.25718136,51.48401823,52.25278039,47.53374797,54.12906302,56.15815786,52.81
KKRB5,Rovman powell,KKR,Batter,capped,West Indies,150,1,5,5,100,0,0,,,Right-hand,Right Medium-Fast,1,0,,57.45764208,48.45801556,67.72548136,46.89160817,63.19723788,64.15162688,49.64311659,56.23568003,30,52.56
LSGO8,Digvesh Rathi,LSG,Bowler,Uncapped,India,30,2,1,1,33.33,13,14,30.64,8.25,Right-hand,Right Leg-Spin,0,0,22.29,58.90375886,76.66897644,57.06187413,78.5826372,59.0542511,65.03166502,30,61.48266943,30,52.13
GTA8,Sai Kishore,GT,All Rounder,capped,India,200,3,5,1.67,50,14,17,20.65,9.12,Left-hand,Left Off-Spin,0,0,13.59,55.44301284,56.33019661,52.15628886,52.52147383,52.01326938,52.09861627,30,55.50280419,69.50706002,52.11
LSGO9,William O'Rourke,LSG,Bowler,capped,New Zealand,300,0,0,,,3,6,22,12.77,Right-hand,Right Fast-Medium,0,0,10.33,59.07181812,85.96715784,56.37665365,70.78143223,60.68005621,63.08575617,30,57.48850509,30,51.79
CSKO5,Mukesh Choudhary,CSK,Bowler,Uncapped,India,30,0,0,,,2,1,71,11.83,Left-hand,Left Medium-Fast,0,0,36,56.61301864,69.22513309,53.05294702,70.56228713,53.32760245,62.41835448,30,51.25473602,66.56318488,51.75
DCA7,Madhav Tiwari,DC,All Rounder,Uncapped,India,40,1,3,3,75,0,0,,,Right-hand,Right Medium-Fast,0,0,,56.00242861,48.29108092,75.29278576,47.92790934,73.36296458,72.93457319,48.23371122,54.79761694,30,51.69
CSKA8,Sam Curran,CSK,All Rounder,capped,England,240,5,114,22.8,135.71,5,1,133,11.08,Left-hand,Left Fast-Medium,11,4,72,65.65899662,53.1810296,59.56895706,59.87708963,57.37906169,58.83717091,30,72.68567592,30,51.69
KKRO1,Varun Chakaravarthy,KKR,Bowler,capped,India,1200,1,1,,100,13,17,22.53,7.66,Right-hand,Right Leg-Spin,0,0,17.65,57.08541691,63.17546864,52.95711935,62.2276405,53.58574811,56.15949597,48.22248591,53.30397149,30,51.69
KKRA6,Andre Russell,KKR,All Rounder,capped,West Indies,1200,10,167,18.56,163.73,9,8,27.12,11.94,Right-hand,Right Medium-Fast,16,14,13.62,59.29860972,50.82090764,54.02028111,51.64866452,53.43840504,52.92764554,30,68.66174734,49.96082632,51.68
SRHA3,Kamindu Mendis,SRH,All Rounder,capped,Sri Lanka,75,5,92,23,133.33,4,2,30,8.57,Left-hand,Ambidextureous,7,2,21,55.66314938,57.59214511,62.06941661,59.96124648,57.15541768,59.70283875,47.55504698,58.41470353,30,51.64
CSKA9,Ravichandran Ashwin,CSK,All Rounder,Elite,India,975,4,33,8.25,110,9,7,40.43,9.13,Right-hand,Right Off-Spin,3,1,26.57,57.50550519,56.16011271,54.91153467,53.03052297,54.49848942,53.83819584,30,55.93442429,60.70173025,51.42
GTO6,Kulwant Khejroliya,GT,Bowler,Uncapped,India,30,0,0,,,1,1,29,9.67,Left-hand,Left Medium-Fast,0,0,18,59.23635311,85.26605343,57.19945207,74.73785209,59.79057496,63.67438519,30,54.78991203,30,51.16
SRHO2,Pat Cummins,SRH,Bowler,Elite,Australia,1800,9,97,24.25,167.24,14,16,28.12,9.06,Right-hand,Right Fast,6,7,18.62,55.82564989,56.51839992,54.14833338,56.29144189,54.45699115,55.09701298,30,54.47854241,76.97733707,51.11
PBKSO6,Yash Thakur,PBKS,Bowler,Uncapped,India,160,0,0,,,2,1,79,12.15,Right-hand,Right Fast-Medium,0,0,39,56.63071925,57.95372529,50.97238808,64.60024704,50.37308373,56.52759031,30,56.58164388,66.15831712,51.03
GTO8,Mohammed Siraj,GT,Bowler,capped,India,1225,1,3,,75,14,15,32.67,9.25,Right-hand,Right Fast-Medium,0,0,21.2,54.89417754,52.08957506,50.58564432,54.32533491,49.11725918,52.34364275,30,52.94349319,86.14878092,50.65
PBKSO2,Arshdeep Singh,PBKS,Bowler,Elite,India,1800,2,2,2,33.33,13,18,23,8.57,Left-hand,Left Medium-Fast,0,0,16.11,55.87017922,59.5664234,50.55803135,58.53843997,50.71529904,53.96724549,47.57859831,53.06331623,30,50.59
MIA2,Hardik Pandya,MI,All Rounder,Elite,India,1635,10,187,23.38,162.61,12,13,22,9.53,Right-hand,Right Medium-Fast,17,9,13.85,57.93722078,49.61877853,54.03673712,48.13812909,52.7764685,51.65453515,51.46962319,59.39528206,30,50.55
RRA2,Wanindu Hasaranga,RR,All Rounder,capped,Sri Lanka,525,5,9,1.8,60,11,11,33.73,9.05,Right-hand,Right Leg-Spin,0,0,22.36,54.9239346,53.11253167,48.86084713,52.74114222,47.87255488,49.98163726,30,56.74221131,62.44473259,50.42
RRO11,Sandeep Sharma,RR,Bowler,capped,India,400,1,6,,120,10,9,40.11,9.89,Right-hand,Right Medium-Fast,0,0,24.33,56.11201838,65.51898341,52.13256937,60.67585479,52.75657108,55.72713614,30,52.83390886,63.769529,50.41
PBKSO09,Lockie Ferguson,PBKS,Bowler,capped,New Zealand,200,1,4,,400,4,5,20.8,9.18,Right-hand,Right Fast,1,0,13.6,56.26412805,61.91238223,60.3304696,58.44384539,59.96627783,59.26311108,30,56.18832616,49.90884322,50.06
MIW3,Robin Minz,MI,Wicket Keeper,Uncapped,India,65,2,6,3,40,0,0,,,Left-hand,Left Off-Spin,0,0,,55.21598741,47.33602791,62.31138109,47.92790934,60.46601763,56.45384331,48.15043027,53.81043849,30,49.97
CSKO8,Khaleel Ahmed,CSK,Bowler,capped,India,480,2,1,,100,14,15,29.67,9.54,Left-hand,Left Fast-Medium,0,0,18.67,55.81868764,55.67668473,49.90342178,58.85629411,48.95819896,53.65207228,30,51.74814461,75.30553565,49.96
KKRO3,Vaibhav Arora,KKR,Bowler,capped,India,180,2,0,0,0,12,17,25.29,10.12,Right-hand,Right Medium-fast,0,0,15,56.70495285,64.43953421,51.51482034,61.95582794,52.64279802,55.99864925,30,54.13621746,55.49391829,49.93
RRO2,Tushar Deshpande,RR,Bowler,capped,India,625,4,7,7,87.5,10,9,37.78,10.62,Right-hand,Right Fast-Medium,0,0,21.33,55.74907052,61.29445562,52.00819283,59.96650857,52.27190898,54.48700691,30,51.99612708,65.19793733,49.68
LSGA6,Shahbaz Ahmed,LSG,All Rounder,Uncapped,India,240,1,9,9,112.5,3,1,102,12,Left-hand,Left Off-Spin,1,0,51,57.32146354,55.6869794,55.4213221,59.22702719,53.46909298,56.91365619,30,68.42575908,30,49.67
MIO4,Karn Sharma,MI,Bowler,capped,India,50,1,1,,100,5,7,18.29,8.53,Right-hand,Right Leg-Spin,0,0,12.86,56.246465,55.19705765,53.53094228,54.79037096,53.51439571,53.89370901,30,54.00422707,64.11964207,49.45
PBKSO7,Xavier Bartlett,PBKS,Bowler,capped,Australia,80,1,11,11,73.33,4,2,48,9.6,Right-hand,Right Fast-Medium,1,0,30,55.20117719,51.27863815,49.25837967,52.78334233,47.76722973,50.94542499,30,71.57724095,30,49.44
SRHO4,Harshal Patel,SRH,Bowler,capped,India,800,4,21,10.5,80.77,13,16,26.88,9.81,Right-hand,Right Medium-Fast,0,0,16.44,55.73941946,59.99109484,50.35562111,58.47952031,50.07423663,53.07103985,30,55.85698629,55.19139353,49.3
RRO6,Maheesh Theekshana,RR,Bowler,capped,Sri Lanka,440,4,10,5,37.04,11,11,37.27,9.76,Right-hand,Right Off-Spin,0,0,22.91,55.67853647,60.86167197,51.24634261,58.58136211,51.51066143,54.09404131,30,54.7963228,55.2675389,49.28
RRO3,Kumar Kartikeya Singh,RR,Bowler,Uncapped,India,30,2,3,1.5,60,4,2,39,9.75,Right-hand,Left Leg-Spin,0,0,24,55.90570874,53.23398676,55.9695511,56.38901291,54.54405279,55.61544852,30,66.70743279,30,49.23
PBKSO4,Vijaykumar Vyshak,PBKS,Bowler,capped,India,180,0,0,,,3,2,60.5,12.1,Right-hand,Right Fast-Medium,0,0,30,55.85005107,60.79831009,50.94322569,61.38934317,51.43597669,55.35981874,30,50.59574916,61.98863682,49.11
KKRA1,Anukul Roy,KKR,All Rounder,Uncapped,India,40,1,0,0,0,1,1,27,6.75,Left-hand,Left Off-Spin,0,0,24,57.83255543,64.5172507,52.95138686,68.51767205,53.32760245,58.32237317,30,57.3522358,30,49.07
PBKSO3,Yuzvendra Chahal,PBKS,Bowler,Elite,India,1800,0,0,,,11,14,25.29,9.57,Right-hand,Right Leg-Spin,0,0,15.86,55.95445826,58.42091994,50.42790858,55.92213048,50.72308093,53.05566286,30,51.63980832,64.17469447,49.02
MIO11,Vignesh Puthur,MI,Bowler,Uncapped,India,30,0,0,,,5,6,18.17,9.08,Right-hand,Right Medium-Fast,0,0,12,57.22162284,66.1170452,54.71350705,67.98337289,55.96190409,59.75290076,30,57.1549388,30,48.95
LSGO3,Manimaran Siddharth,LSG,Bowler,Uncapped,India,75,0,0,,,2,2,33.5,9.57,Right-hand,Left Off-Spin,0,0,21,58.52734303,66.43199611,55.27050958,74.9507045,56.48194901,63.01890039,30,53.59810291,30,48.77
CSKO4,Matheesha Pathirana,CSK,Bowler,capped,Sri Lanka,1300,0,0,,,12,13,32.62,10.14,Right-hand,Right Fast,0,0,19.31,56.02029253,57.09426441,50.58565016,58.80781744,50.62060774,54.02272933,30,51.78771593,59.78081476,48.64
GTA7,Rashid Khan,GT,All Rounder,Elite,Afghanistan,1800,7,40,8,153.85,14,9,53.67,9.47,Right-hand,Right Leg-Spin,2,3,34,56.0052443,51.71728589,53.26641521,48.66861411,52.49217599,50.85437187,30,54.33673048,51.51014561,48.38
GTO1,Gerald Coetzee,GT,Bowler,capped,South Africa,240,2,17,8.5,154.55,3,2,40,8.89,Right-hand,Right Fast,2,1,27,56.65642312,51.83288912,57.52047817,51.10261119,55.47632048,53.69322096,30,64.53891192,30,48.37
PBKSA2,Marcus Stoinis,PBKS,All Rounder,capped,Australia,1100,8,126,31.5,193.85,8,0,,12.23,Right-hand,Right Medium-Fast,6,12,,56.22494226,58.81459898,69.2374023,55.84491743,70.31099524,65.31982798,30,53.35330747,30,48.22
LSGA8,Shardul Thakur,LSG,All Rounder,capped,India,30,5,18,6,150,10,13,28.85,11.03,Right-hand,Right Medium-Fast,3,0,15.69,58.26779407,58.66747175,69.15594505,51.95838982,67.63042632,59.28729302,30,56.36343728,30,48.21
LSGO2,Akash Deep,LSG,Bowler,capped,India,800,2,6,6,300,6,3,76.33,12.05,Right-hand,Right Medium-Fast,0,1,38,55.043759,51.66730185,65.01055083,50.38863522,63.4915467,53.70679819,30,51.41899636,63.49870245,48.18
MIO5,Trent Boult,MI,Bowler,capped,New Zealand,1250,2,2,2,66.67,14,19,22.26,8.52,Left-hand,Left Fast-Medium,0,0,15.68,57.42230724,67.50809333,52.69937864,66.22863606,53.70873058,58.98218913,30,53.40214889,30,48.06
MIO7,Deepak Chahar,MI,Bowler,capped,India,925,4,37,37,148,14,11,34.18,9.17,Right-hand,Right Medium-Fast,3,2,22.36,55.76931659,58.13446222,51.60951798,58.12628225,50.42506746,55.35121473,30,52.21562073,49.95607353,48.03
LSGO1,Ravi Bishnoi,LSG,Bowler,capped,India,1100,3,13,6.5,81.25,11,9,44.56,10.84,Right-hand,Right Leg-Spin,0,2,24.67,55.66398371,51.58120382,50.17424058,48.68226297,50.25247589,49.53308454,30,55.5366794,54.96120469,47.82
CSKA3,Deepak Hooda,CSK,All Rounder,capped,India,170,5,31,6.2,75.61,1,0,,15,Right-hand,Right Off-Spin,2,1,,56.33018154,46.93997322,55.25467336,46.8408803,53.60949117,52.79916584,30,54.56614224,49.86865438,47.8
RCBO2,Bhuvneshwar Kumar,RCB,Bowler,capped,India,1075,5,13,6.5,56.52,12,14,30.57,9.3,Right-hand,Right Medium-Fast,1,0,19.71,56.29051359,59.17241004,54.77604563,60.73076542,55.03201476,57.21567712,30,56.78955857,30,47.64
SRHO9,Adam Zampa,SRH,Bowler,capped,Australia,240,0,0,,,2,2,47,11.75,Right-hand,Right Leg-Spin,0,0,24,56.57090306,74.05139045,51.1833822,57.66098835,51.8230013,52.11506008,30,53.03730017,30,47.47
DCO8,Mitchell Starc,DC,Bowler,Elite,Australia,1175,6,6,3,60,10,14,26.14,10.17,Left-hand,Left Fast,0,0,15.43,55.01504391,50.8805805,53.11425485,49.78343728,52.89645937,52.28090485,30,52.24337066,56.81761626,47.43
KKRA4,Moeen Ali,KKR,All Rounder,capped,England,200,2,5,2.5,35.71,5,6,22.67,8.5,Right-hand,Right Off-Spin,0,0,16,56.56500848,62.01424386,51.35773009,56.68284025,51.97402278,53.40937487,30,55.61566614,30,47.42
DCW3,Donovan Ferreira,DC,Wicket Keeper,capped,South Africa,75,1,1,1,33.33,0,0,,,Right-hand,Right Off-spin,0,0,,54.14155863,45.7057685,51.79276366,43.1658789,50.37308373,50.67077929,47.26418665,49.17633456,30,47.4
CSKA6,Ravindra Jadeja,CSK,All Rounder,Elite,India,1800,14,301,33.44,135.59,14,10,32.4,8.56,Left-hand,Left Off-Spin,25,10,22.7,56.22877202,57.66731291,54.4491222,54.49883334,54.06277125,54.34337327,30,58.07033559,30,47.35
RCBO5,Yash Dayal,RCB,Bowler,capped,India,500,2,3,1.5,42.86,13,10,42.6,10.14,Left-hand,Left Medium-Fast,0,0,25.2,54.79732491,48.73258773,49.01197388,48.81015983,47.74202385,48.56727812,30,53.22229231,60.60575398,47.24
DCO4,Mohit Sharma,DC,Bowler,capped,India,220,2,1,1,33.33,8,2,128.5,10.28,Right-hand,Right Fast-Medium,0,0,75,54.27498775,48.60631686,47.32866454,46.76439836,45.62576705,46.47781824,30,49.24899038,74.26367382,47.21
DCO6,Mukesh Kumar,DC,Bowler,capped,India,800,0,0,,,12,12,34,10.33,Right-hand,Right Medium-Fast,0,0,19.75,56.35086507,62.22760713,51.85353653,64.54836033,52.86213904,57.76237637,30,53.06655176,30,47.11
LSGO5,Avesh Khan,LSG,Bowler,capped,India,975,4,21,21,175,13,13,37.46,10.29,Right-hand,Right Medium-Fast,3,1,21.85,56.40711388,62.98924422,53.61579485,57.70950516,53.91440302,56.15378876,30,53.61322993,30,47.09
RCBA3,Manoj Bhandage,RCB,All Rounder,Uncapped,India,30,1,1,1,25,0,0,,,Left-hand,Right Medium-Fast,0,0,,54.08316337,45.83343156,54.90129851,44.03400746,53.32760245,53.50258896,47.25078202,50.01114704,30,46.97
CSKO6,Nathan Ellis,CSK,Bowler,capped,Australia,200,0,0,,,1,1,38,9.5,Right-hand,Right Medium-Fast,0,0,24,55.8953494,67.08160543,51.366293,60.01164856,51.8230013,54.48222942,30,51.1558254,30,46.55
SRHO3,Mohammad Shami,SRH,Bowler,capped,India,1000,4,10,10,100,9,6,56.17,11.23,Right-hand,Right Fast-Medium,1,0,30,55.10761756,50.81756561,51.24301501,51.83465617,50.08136918,51.07151528,30,52.16178268,49.86679472,46.54
GTO5,Kagiso Rabada,GT,Bowler,Elite,South Africa,1075,2,9,9,112.5,4,2,81,11.57,Left-hand,Right Fast-Medium,0,1,42,54.49975317,47.82819654,49.86710114,46.99277978,48.67455585,48.09704005,30,50.6423425,60.3669418,46.37
MIO6,V Satyanarayana Penmetsa,MI,Bowler,Uncapped,India,30,1,1,,100,2,1,53,13.25,Left-hand,Right Medium-Fast,0,0,24,55.71153058,58.37176119,59.42947178,56.30677607,59.43663258,58.3472476,30,51.42816234,30,46.3
MIO8,Mujeeb Ur Rahman,MI,Bowler,capped,Afghanistan,200,0,0,,,1,1,28,14,Right-hand,Right Leg-Spin,0,0,12,55.78330959,65.54288971,51.04953226,56.67304347,51.8230013,53.12509375,30,51.18201935,30,46.19
SRHO1,Zeeshan Ansari,SRH,Bowler,Uncapped,India,40,0,0,,,10,6,55.5,9.84,Right-hand,Right Leg-Spin,0,0,33.83,55.45247102,53.31155925,50.13484016,56.43497646,48.40821588,52.5494688,30,55.78137332,30,45.98
RRO7,Fazalhaq Farooqi,RR,Bowler,capped,Afghanistan,200,1,2,,100,5,0,,12.35,Left-hand,Left Medium-Fast,0,0,,54.20400217,47.9344553,48.64046037,47.25348647,46.75665966,47.43907394,30,48.50873126,62.44473259,45.91
RCBO4,Suyash Sharma,RCB,Bowler,capped,India,260,0,0,,,12,5,81.2,9.02,Right-hand,Right Leg-Spin,0,0,54,54.80781344,52.10917597,48.43020207,50.77196176,47.19676057,49.36892179,30,50.10929333,49.86679472,45.85
LSGO10,Mayank Yadav,LSG,Bowler,capped,India,1100,0,0,,,2,2,50,12.5,Right-hand,Right Fast,0,0,24,55.84020078,57.07445385,50.25465539,61.83523224,50.37308373,55.47493875,30,50.88470545,30,45.63
RRO5,Kwena Maphaka,RR,Bowler,capped,South Africa,150,1,8,,400,2,1,54,10.8,Right-hand,Right Fast-Medium,2,0,30,55.09207554,55.30193171,65.42663846,52.27799931,62.65535972,57.06774849,30,50.59802771,30,45.5
GTO4,Ishant Sharma,GT,Bowler,capped,India,75,0,0,,,6,4,47,11.51,Right-hand,Right Fast-Medium,0,0,24.5,55.85417592,59.18733484,49.85375285,55.59245933,49.56013771,52.36130057,30,50.91900277,30,45.38
RCBA2,Liam Livingstone,RCB,All Rounder,capped,England,875,7,87,14.5,126.09,5,2,38,8.44,Right-hand,Ambidextureous,4,7,27,55.11148003,47.65675902,51.14076097,44.89206075,49.47709241,48.06982007,30,60.72893752,30,45.27
CSKO1,Jamie Overton,CSK,Bowler,capped,England,150,2,15,,214.29,3,0,,13.83,Right-hand,Right Fast-Medium,1,1,,54.37487725,47.36317666,57.05446473,46.80512101,54.60632423,50.73515339,30,49.06012015,49.91072209,45.26
DCO3,Dushmantha Chameera,DC,Bowler,capped,Sri Lanka,75,3,10,,71.43,5,4,42.75,11.4,Right-hand,Right Medium-Fast,0,0,22.5,55.1631698,54.69044261,52.8451041,52.77197708,52.33792015,52.64588592,30,52.28843705,30,45.21
PBKSA4,Suryansh Shedge,PBKS,All Rounder,Uncapped,India,30,3,7,2.33,63.64,1,0,,13.33,Right-hand,Right Off-Spin,0,0,,54.91588915,46.79418455,59.13815597,45.47404643,56.68162928,53.78310578,30,55.68995898,30,44.96
SRHA4,Wiaan Mulder,SRH,All Rounder,capped,South Africa,75,1,9,9,81.82,1,0,,16,Right-hand,Right Medium,1,0,,55.57351875,46.93280972,52.99875152,46.24029215,50.26987308,49.64979023,30,57.6053949,30,44.84
SRHO6,Simarjeet Singh,SRH,Bowler,Uncapped,India,150,3,3,1.5,42.86,4,2,70.5,14.1,Right-hand,Right Medium-Fast,0,0,30,54.59346761,49.84301133,48.56482736,49.37566404,46.96024265,47.68491729,30,53.80447626,30,44.28
RCBO3,Rasikh Dar Salam,RCB,Bowler,capped,India,600,0,0,,,2,1,70,11.67,Right-hand,Right Medium-Fast,0,0,36,55.05231684,52.40139631,48.62381442,54.42416224,47.65124442,51.13051979,30,49.88267076,30,44.14
KKRO5,Anrich Nortje,KKR,Bowler,capped,South Africa,650,2,0,,,2,1,83,11.86,Right-hand,Right Fast,0,0,42,54.92551353,51.85984719,48.24605634,49.53710177,47.058512,48.49366321,30,49.26490605,30,43.52
KKRO6,Spencer Johnson,KKR,Bowler,capped,Australia,280,2,2,,50,4,1,133,11.74,Left-hand,Left Fast,0,0,68,54.43765609,47.67863904,48.98498863,48.42298687,47.35214182,48.36437875,30,49.1353758,30,42.97
PBKSO8,Kyle Jamieson,PBKS,Bowler,capped,New Zealand,100,0,0,,,1,0,,10.5,Right-hand,Right Fast-Medium,0,0,,54.40650821,50.3165705,47.1079488,52.46847235,45.18179884,51.64630615,30,30,30,38.94
KKRO8,Chetan Sakariya,KKR,Bowler,Uncapped,India,30,0,0,,,1,0,,13,Right-hand,Right Medium-fast,0,0,,54.33789567,49.21636737,47.65569311,49.5585733,45.18179884,49.01798233,30,30,30,38.43
SRHO5,Rahul Chahar,SRH,Bowler,capped,India,320,0,0,,,1,0,,9,Right-hand,Right Leg-Spin,0,0,,54.118335,46.69519028,47.23472091,44.48388193,45.18179884,45.73426328,30,30,30,37.65
DCO5,T Natarajan,DC,Bowler,capped,India,1075,0,0,,,1,0,,16.33,Left-hand,Left Fast-Medium,0,0,,54.02507416,46.11466155,46.82593347,43.37896974,45.18179884,45.0688235,30,30,30,37.48
GTA11,Karim Janat,GT,All Rounder,Uncapped,Afghanistan,75,0,0,,,1,0,,30,Right-hand,Right Medium,0,0,,30,30,46.89132682,42.33961151,45.18179884,46.89132676,30,30,30,32.53
PBKSO5,Kuldeep Sen,PBKS,Bowler,Uncapped,India,80,0,0,,,0,0,,,Right-hand,Right Fast-Medium,0,0,,30,30,30,30,30,30,30,30,30,30
PBKSW3,Vishnu Vinod,PBKS,Wicket Keeper,capped,India,95,0,0,,,0,0,,,Right-hand,,0,0,,30,30,30,30,30,30,30,30,30,30
GTA3,Nishant Sindhu,GT,All Rounder,capped,India,30,0,0,,,0,0,,,Left-hand,Left Off-Spin,0,0,,30,30,30,30,30,30,30,30,30,30
RCBB3,Swastik Chikara,RCB,Batter,Uncapped,India,30,0,0,,,0,0,,,Right-hand,Right Off-spin,0,0,,30,30,30,30,30,30,30,30,30,30
LSGO4,Shamar Joseph,LSG,Bowler,capped,West Indies,75,0,0,,,0,0,,,Right-hand,Right Fast-Medium,0,0,,30,30,30,30,30,30,30,30,30,30
LSGW3,Aryan Juyal,LSG,Wicket Keeper,Uncapped,India,30,0,0,,,0,0,,,Right-hand,,0,0,,30,30,30,30,30,30,30,30,30,30
LSGA7,RS Hangargekar,LSG,All Rounder,Uncapped,India,30,0,0,,,0,0,,,Right-hand,Right Medium-Fast,0,0,,30,30,30,30,30,30,30,30,30,30
LSGA5,Yuvraj Chaudhary,LSG,All Rounder,Uncapped,India,30,0,0,,,0,0,,,Left-hand,Left Off-Spin,0,0,,30,30,30,30,30,30,30,30,30,30
LSGA4,Arshin Kulkarni,LSG,All Rounder,Uncapped,India,30,0,0,,,0,0,,,Right-hand,Right Medium,0,0,,30,30,30,30,30,30,30,30,30,30
LSGB1,Himmat Singh,LSG,Batter,Uncapped,India,30,0,0,,,0,0,,,Right-hand,Right Off-Spin,0,0,,30,30,30,30,30,30,30,30,30,30
RRO10,Nandre Burger,RR,Bowler,capped,South Africa,50,0,0,,,0,0,,,Left-hand,Left Fast-Medium,0,0,,30,30,30,30,30,30,30,30,30,30
RRO8,Ashok Sharma,RR,Bowler,Uncapped,India,30,0,0,,,0,0,,,Right-hand,Right Fast-Medium,0,0,,30,30,30,30,30,30,30,30,30,30
RCBA6,Swapnil Singh,RCB,All Rounder,Uncapped,India,50,0,0,,,0,0,,,Right-hand,Left Off-Spin,0,0,,30,30,30,30,30,30,30,30,30,30
GTA5,Mahipal Lomror,GT,All Rounder,capped,India,170,0,0,,,0,0,,,Left-hand,Left Off-Spin,0,0,,30,30,30,30,30,30,30,30,30,30
RRW4,Lhuan-dre Pretorius,RR,Wicket Keeper,Uncapped,South Africa,120,0,0,,,0,0,,,Right-hand,Left Off-Spin,0,0,,30,30,30,30,30,30,30,30,30,30
RRW3,Kunal Rathore,RR,Wicket Keeper,Uncapped,India,30,1,0,0,0,0,0,,,Right-hand,,0,0,,30,30,30,30,30,30,30,30,30,30
CSKO3,Shreyas Gopal,CSK,Bowler,Uncapped,India,30,0,0,,,0,0,,,Right-hand,Right Leg-Spin,0,0,,30,30,30,30,30,30,30,30,30,30
CSKO2,Kamlesh Nagarkoti,CSK,Bowler,Uncapped,India,30,0,0,,,0,0,,,Right-hand,Right Fast,0,0,,30,30,30,30,30,30,30,30,30,30
KKRW3,Luvnith Sisodia,KKR,Wicket Keeper,Uncapped,India,30,0,0,,,0,0,,,Right-hand,Left Medium-Fast,0,0,,30,30,30,30,30,30,30,30,30,30
DCA4,Darshan Nalkande,DC,All Rounder,Uncapped,India,30,0,0,,,0,0,,,Right-hand,Right Medium-Fast,0,0,,30,30,30,30,30,30,30,30,30,30
KKRO2,Mayank Markande,KKR,Bowler,Uncapped,India,30,0,0,,,0,0,,,Right-hand,Right Leg-Spin,0,0,,30,30,30,30,30,30,30,30,30,30
CSKW3,Vansh Bedi,CSK,Wicket Keeper,Uncapped,India,55,0,0,,,0,0,,,Right-hand,,0,0,,30,30,30,30,30,30,30,30,30,30
CSKA5,Ramakrishna Ghosh,CSK,All Rounder,Uncapped,India,30,0,0,,,0,0,,,Right-hand,Right Medium-Fast,0,0,,30,30,30,30,30,30,30,30,30,30
DCA5,Ajay Jadav Mandal,DC,All Rounder,Uncapped,India,30,0,0,,,0,0,,,Left-hand,Left Off-Spin,0,0,,30,30,30,30,30,30,30,30,30,30
KKRO7,Umran Malik,KKR,Bowler,capped,India,75,0,0,,,0,0,,,Right-hand,Right Fast,0,0,,30,30,30,30,30,30,30,30,30,30
DCA2,Tripurana Vijay,DC,All Rounder,Uncapped,India,30,0,0,,,0,0,,,Right-hand,Right Off-spin,0,0,,30,30,30,30,30,30,30,30,30,30
GTA6,Dasun Shanaka,GT,All Rounder,capped,Sri Lanka,75,0,0,,,0,0,,,Right-hand,Right Medium,0,0,,30,30,30,30,30,30,30,30,30,30
RCBA7,Mohit Rathee,RCB,All Rounder,Uncapped,India,30,0,0,,,0,0,,,Right-hand,Right Leg-Spin,0,0,,30,30,30,30,30,30,30,30,30,30
MIA7,Arjun Tendulkar,MI,All Rounder,capped,India,30,0,0,,,0,0,,,Left-hand,Left Medium-Fast,0,0,,30,30,30,30,30,30,30,30,30,30
MIO10,Lizaad Williams,MI,Bowler,capped,West Indies,75,0,0,,,0,0,,,Left-hand,Right Medium-Fast,0,0,,30,30,30,30,30,30,30,30,30,30
MIO9,Raghu Sharma,MI,Bowler,Uncapped,India,30,0,0,,,0,0,,,Right-hand,Right Leg-Spin,0,0,,30,30,30,30,30,30,30,30,30,30
RCBW3,Tim Seifert,RCB,Wicket Keeper,capped,New Zealand,125,0,0,,,0,0,,,Right-hand,,0,0,,30,30,30,30,30,30,30,30,30,30
CSKB2,Andre Siddarth,CSK,Batter,Uncapped,India,30,0,0,,,0,0,,,Right-hand,Right Off-Spin,0,0,,30,30,30,30,30,30,30,30,30,30
MIO3,Reece Topley,MI,Bowler,capped,England,75,0,0,,,0,0,,,Left-hand,Left Medium-Fast,0,0,,30,30,30,30,30,30,30,30,30,30
PBKSB2,Harnoor Singh,PBKS,Batter,Uncapped,India,30,0,0,,,0,0,,,Right-hand,,0,0,,30,30,30,30,30,30,30,30,30,30
PBKSB4,Pyla Avinash,PBKS,Batter,Uncapped,India,30,0,0,,,0,0,,,Right-hand,Right Medium-Fast,0,0,,30,30,30,30,30,30,30,30,30,30
MIW4,Jonny Bairstow,MI,Wicket Keeper,capped,England,525,0,0,,,0,0,,,Right-hand,Right Off-Spin,0,0,,30,30,30,30,30,30,30,30,30,30
MIW2,Krishnan Shrijith,MI,Wicket Keeper,Uncapped,India,30,0,0,,,0,0,,,Left-hand,Right Off-Spin,0,0,,30,30,30,30,30,30,30,30,30,30
RCBO7,Abhinandan Singh,RCB,Bowler,Uncapped,India,30,0,0,,,0,0,,,Right-hand,Right Medium-Fast,0,0,,30,30,30,30,30,30,30,30,30,30
RCBO8,Blessing Muzarabani,RCB,Bowler,Uncapped,Zimbabwe,75,0,0,,,0,0,,,Right-hand,Right Fast-Medium,0,0,,30,30,30,30,30,30,30,30,30,30
MIA5,Charith Asalanka,MI,All Rounder,capped,Sri Lanka,75,0,0,,,0,0,,,Left-hand,Right Off-Spin,0,0,,30,30,30,30,30,30,30,30,30,30
GTA10,Jayant Yadav,GT,All Rounder,Uncapped,India,75,0,0,,,0,0,,,Right-hand,Right Off-Spin,0,0,,30,30,30,30,30,30,30,30,30,30
MIA3,Raj Bawa,MI,All Rounder,Uncapped,India,30,0,0,,,0,0,,,Left-hand,Right Medium-Fast,0,0,,30,30,30,30,30,30,30,30,30,30
MIA1,Bevon Jacobs,MI,All Rounder,capped,South Africa,30,0,0,,,0,0,,,Right-hand,Right Medium,0,0,,30,30,30,30,30,30,30,30,30,30
SRHB4,Sachin Baby,SRH,Batter,Uncapped,India,30,0,0,,,0,0,,,Left-hand,Right Off-Spin,0,0,,30,30,30,30,30,30,30,30,30,30
PBKSA1,Musheer Khan,PBKS,All Rounder,Uncapped,India,30,0,0,,,0,0,,,Right-hand,Right Off-Spin,0,0,,30,30,30,30,30,30,30,30,30,30
GTO3,Gurnoor Brar,GT,Bowler,Uncapped,India,130,0,0,,,0,0,,,Right-hand,Right Fast,0,0,,30,30,30,30,30,30,30,30,30,30
DCA6,Manvanth Kumar L,DC,All Rounder,Uncapped,India,30,0,0,,,0,0,,,Left-hand,Right Fast-Medium,0,0,,30,30,30,30,30,30,30,30,30,30
GTW3,Kusal Mendis,GT,Wicket Keeper,capped,Sri Lanka,75,0,0,,,0,0,,,Right-hand,Right Leg-Spin,0,0,,30,30,30,30,30,30,30,30,30,30
PBKSA3,Aaron Hardie,PBKS,All Rounder,Uncapped,Australia,125,0,0,,,0,0,,,Right-hand,Right Medium-Fast,0,0,,30,30,30,30,30,30,30,30,30,30
GTW2,Anuj Rawat,GT,Wicket Keeper,Uncapped,India,30,0,0,,,0,0,,,Left-hand,,0,0,,30,30,30,30,30,30,30,30,30,30
GTW1,Kumar Kushagra,GT,Wicket Keeper,Uncapped,India,65,0,0,,,0,0,,,Right-hand,,0,0,,30,30,30,30,30,30,30,30,30,30
PBKSA6,Mitchell Owen,PBKS,All Rounder,capped,Australia,300,1,0,0,0,0,0,,,Right-hand,Right Medium,0,0,,30,30,30,30,30,30,30,30,30,30
GTO2,Manav Suthar,GT,Bowler,Uncapped,India,30,0,0,,,0,0,,,Left-hand,Left Off-Spin,0,0,,30,30,30,30,30,30,30,30,30,30
