Player_name,Level,Role,Overall_Score,PPS_Score,Consistency_Score,Opening_Score,Middle_Score,Death_Score,Final_Phase_Score,RSI_Score,TCS_Score,FIS_Score,Auction_price,Predicted_Price,Price_Impact_Actual,Price_Impact_Predicted,Overall_Score_Grade,Level_Weight
Vaibhav Suryavanshi,uncapped,Batter,99.24,99.91862552,97.98460162,98.94800253,99.34247972,99.55798279,100.0,99.15995623,99.7647015,97.21900106,110,190.92980481005924,1.1084240225715438,1.9239198388760506,Very High,1
Ayush Mhatre,uncapped,Batter,98.5,99.41900185,97.41108925,98.43114346,98.7344214,98.32431708,100.0,97.83431405,97.65961319,99.75245561,30,154.22241616928588,0.30456852791878175,1.5657098088252372,Very High,1
Priyansh Arya,uncapped,Batter,91.71,98.90538478,97.42276999,98.38146966,97.42553836,96.38564279,100.0,97.38162606,99.16289677,30.0,380,436.2336917209127,4.143495801984517,4.756664395604762,Very High,1
Urvil Patel,uncapped,Wicket Keeper,90.12,97.95369411,94.41946929,96.9105881,93.4481145,97.63243001,100.0,94.74056855,97.1941744,30.0,30,430.90591505354644,0.3328894806924101,4.781468209648762,Very High,1
Abishek Porel,uncapped,Wicket Keeper,87.82,80.17399894,69.73530221,92.62257732,82.60478427,93.13152542,99.86199633,86.16945086,91.54469209,94.14122573,400,566.0529834256386,4.554771122751082,6.445604457135489,Very High,1
Aniket Verma,uncapped,Batter,87.51,83.93212052,81.44784476,98.50403813,77.73024129,98.92617045,100.0,87.43151872,86.88692525,81.93519443,30,163.71596785398955,0.34281796366129585,1.8708258239514288,Very High,1
Mitchell Marsh,capped,All Rounder,86.64,98.92629885,97.22668325,85.80172715,98.17956257,88.77229625,90.44377116,74.89332491,95.89905563,63.28392028,340,388.760124638569,1.9621421975992612,2.2435371920508365,Very High,2
Dewald Brevis,capped,Batter,84.61,96.82462126,95.05724563,86.28010889,91.14408863,90.83624012,89.42748465,85.37426238,91.28851217,30.0,220,316.45643925085517,1.300082732537525,1.8700888739561232,Very High,2
Yashasvi Jaiswal,capped,Batter,84.06,92.13306825,92.73387826,91.01001751,89.25442628,86.73996448,88.69484173,83.89768722,86.74530838,50.02407515,1800,950.887057259023,10.70663811563169,5.656002006061283,Very High,2
Sai Sudharsan,capped,Batter,82.76,80.10238309,81.31656386,86.81145462,91.13538424,76.11156318,83.35716038,87.39412013,93.02150878,50.02214445,850,921.9508796046983,5.135331077815369,5.570027063827322,Very High,2
Phil Salt,capped,Wicket Keeper,81.54,88.84964647,78.3179861,83.54811323,82.34832208,79.76355907,82.01091882,77.81690503,89.13167933,63.46206088,1150,979.9468930016849,7.051753740495462,6.008994928879598,Very High,2
Josh Inglis,capped,Wicket Keeper,80.53,92.32447577,91.14712653,89.42268862,88.8954198,88.09145436,88.83417533,72.5134838,78.88224914,63.91466907,260,607.0860544858392,1.6143052278653918,3.769316121233324,Very High,2
Heinrich Klaasen,capped,Wicket Keeper,80.39,80.70092129,97.48458132,89.72974527,96.31785758,92.82132384,92.3693303,84.28590932,82.4365834,30.0,2300,1827.5890346044162,14.305261848488618,11.367017257149,Very High,2
Prabhsimran Singh,capped,Wicket Keeper,78.69,86.42921503,70.97977936,81.1363071,81.29915725,80.89215736,81.07830373,81.69365656,92.15189396,30.0,400,647.2454121383123,2.5416190113102046,4.112628111185108,High,2
Virat Kohli,elite,Batter,77.04,87.09199988,89.11973482,78.3567392,84.04618585,69.24641341,78.62376976,73.43119893,78.98841454,51.61982541,2100,1714.8814941603043,3.8940809968847345,3.179946399199496,High,7
Ajinkya Rahane,capped,Batter,74.97,80.18795235,79.05701363,82.64515177,78.39388923,79.86989512,80.54420448,75.13235527,84.70411546,30.0,150,240.29970799778616,1.0004001600640255,1.6026391089621592,High,2
Shaik Rasheed,uncapped,Batter,74.8,71.05453463,60.32385327,86.39768376,72.29880911,85.14218194,82.08256024,66.34597222,83.36864034,83.73254567,30,110.98074000013607,0.40106951871657753,1.48369973262214,High,1
Aiden Markram,capped,Batter,74.59,78.08874077,68.23357574,71.21893779,75.52983817,71.97223929,72.64126372,77.11915204,91.51867117,30.0,200,465.70987094359594,1.340662287169862,3.1217983036841126,High,2
Jacob Bethell,capped,All Rounder,74.54,89.12628682,83.87952512,89.60167712,86.74080649,85.17127572,85.9560679,66.49295553,89.49579944,30.0,260,391.89363430656954,1.7440300509793398,2.628747211608328,High,2
Surya kumar Yadav,elite,Batter,73.88,74.11834835,90.38524939,76.74166335,85.48953079,73.73500625,78.06273187,77.24561864,71.3934483,48.51487515,1635,1742.243774198656,3.1614974089256713,3.3688679986825276,High,7
Shubman Gill,elite,Batter,73.57,75.18367483,71.39053814,72.70904038,77.32043862,70.43140203,72.87249904,75.16829177,78.93523124,57.01188332,1650,1587.1606600109428,3.203945707683644,3.081925202452364,High,7
Manish Pandey,capped,Batter,73.37,73.81734272,82.62303928,78.34570295,82.05610677,81.27788884,80.02844686,71.64288903,70.81758504,64.11964207,75,142.51287478095492,0.5111080823224751,0.9711930951407586,High,2
Sameer Rizvi,capped,Batter,73.25,66.2062066,86.37233391,83.47089966,87.59655443,85.25391104,85.19189661,75.94779038,69.72746582,54.85334057,95,242.62584645077942,0.6484641638225256,1.6561491225309175,High,2
Karun Nair,capped,Batter,73.07,77.16990544,66.48900086,73.56256399,68.84178381,69.83363781,70.90744815,73.09796624,78.76471826,62.40626926,50,469.8231862795469,0.3421376762009033,3.2148842635797656,High,2
Shubham Dubey,uncapped,Batter,72.54,62.98726534,71.13319716,93.52446028,73.80214766,94.20957859,99.70304292,76.5437541,60.75043116,67.02692927,80,114.92074566466685,1.1028398125172318,1.584239670039521,High,1
Atharva Taide,uncapped,Batter,72.49,72.26823865,72.27153246,97.18554422,73.87875155,92.54718397,100.0,68.83570865,76.84021387,30.0,30,21.50904595116224,0.41385018623258385,0.2967174224191232,High,1
Sanju Samson,capped,Wicket Keeper,71.9,75.30218317,75.58501558,77.31203195,80.04603858,77.29362685,78.06617285,73.12261689,80.23495225,30.0,1800,1356.8217985361646,12.517385257301807,9.435478432101283,High,2
Travis Head,elite,Batter,71.62,86.89062388,71.14799454,72.54568157,73.30124354,70.6436214,72.1118936,67.23826895,75.97546278,48.50613441,1400,1314.327660040398,2.7925160569673273,2.6216293534136472,High,7
Dhruv Jurel,capped,Wicket Keeper,71.25,73.62287777,79.4793201,81.05704264,77.21442252,85.12837515,81.52203741,71.55792448,68.59762341,49.96082632,1400,1277.7822364150288,9.824561403508772,8.96689288712301,High,2
Devdutt Padikkal,capped,Batter,70.59,75.25425128,62.97147266,71.08800346,70.95033564,71.29117014,71.12451981,69.82253008,79.52248083,50.02214445,200,509.21044464657564,1.4166312508853944,3.606817145817932,High,2
Jitesh Sharma,capped,Wicket Keeper,70.3,66.27917333,90.38835446,86.82082093,88.19005356,88.04907293,87.59563385,73.87552425,58.82739857,50.05800587,1100,1161.525753125618,7.823613086770981,8.261207347977368,High,2
Shreyas Iyer,elite,Batter,69.87,73.69476837,70.46676487,70.57937115,71.98735643,69.19632086,70.40516344,72.36885305,68.27671011,60.44767519,2675,1780.4039641132517,5.4693410210799644,3.640237919632893,High,7
Nehal Wadhera,capped,Batter,69.8,72.64374713,55.61530575,73.337477,63.2696279,72.64426805,71.61546736,69.21671066,73.47923973,69.29165332,420,477.80101350839874,3.008595988538682,3.4226433632406787,High,2
Ryan Rickelton,capped,Wicket Keeper,69.74,76.67815263,65.88565542,80.15806112,75.91312691,76.06800089,77.81499454,71.58246704,76.31390134,30.0,100,536.1710942577575,0.7169486664754804,3.844071510307984,High,2
Rohit Sharma,elite,Batter,69.73,79.62840697,54.38463332,73.03913635,61.35690607,69.85300308,66.26399193,75.24201244,69.87631944,61.25226083,1630,1300.5607126894652,3.339411198295466,2.664482827005112,High,7
Nicholas Pooran,elite,Wicket Keeper,69.66,66.62572117,65.15007395,71.02024387,64.72203606,70.29644738,69.54824664,76.17055812,74.03498303,51.7212908,2100,1916.2557435873878,4.306632213608958,3.929813673736491,High,7
Ishan Kishan,capped,Wicket Keeper,69.41,76.16791756,80.74308731,81.00127054,89.02793621,79.01647733,82.13012007,73.26875753,65.08992587,30.0,1125,1027.4868298068823,8.104019593718485,7.401576356482368,High,2
Vipraj Nigam,uncapped,Bowler,69.23,66.2129983,85.8178729,75.22032107,83.41618923,75.8392032,79.84605441,30.0,92.25345877,81.8052226,50,148.90451661770584,0.7222302470027444,2.150866916332599,High,1
Devon Conway,capped,Wicket Keeper,69.01,81.0560359,65.49395201,75.94162454,76.84055708,69.9939262,73.83397962,66.6624401,78.26071321,30.0,625,743.3467963376909,4.528329227648166,5.385790438615351,High,2
Rajat Patidar,capped,Batter,68.91,67.25909708,58.25741949,74.04727423,57.70076949,71.82767217,68.14037105,66.42186236,79.39701588,63.23562291,1100,776.4864303327199,7.981425047162967,5.634062039854302,High,2
Abhishek Sharma,capped,All Rounder,68.81,89.21462508,69.60037508,74.69496133,72.6641571,76.07824913,74.36417169,55.85350858,90.79344753,30.0,1400,1092.174333101243,10.17293997965412,7.936159955684079,High,2
Faf du Plessis,capped,Batter,67.15,67.04888907,53.84906316,69.9011746,61.51929288,66.78821293,67.07877746,64.63919606,76.70437152,63.05559746,200,370.3203018312267,1.4892032762472076,2.757411033739588,High,2
Angkrish Raghuvanshi,capped,Batter,66.89,69.43583479,58.83965637,70.95032541,67.45008036,65.73219081,68.15707643,68.94280308,80.52323746,30.0,300,377.2231074664156,2.2424876663178352,2.819727219811748,High,2
Tilak Varma,capped,Batter,66.56,62.3575395,54.11824468,63.30767779,56.01296803,61.67150109,61.13983864,66.62445011,75.67213956,70.46331218,800,675.0828423854957,6.009615384615384,5.071235294362197,High,2
Sediqullah Atal,capped,Batter,66.25,70.26036733,66.50521711,72.84544011,68.51767205,80.19683517,76.52145283,63.81527519,74.52143374,30.0,125,247.04368681878458,0.9433962264150944,1.86448065523611,High,2
Jos Buttler,elite,Wicket Keeper,66.18,68.19485175,62.23596209,66.70144361,65.14391136,65.42982878,65.91797989,73.16020349,65.57295434,51.53552031,1575,1409.8660528423877,3.3998186763372615,3.043358055611077,High,7
Riyan Parag,capped,All Rounder,65.62,61.81954359,57.86673691,56.61672645,54.4698471,56.56556046,55.68419075,52.93341476,77.8019627,87.75418626,1400,1029.3688287082928,10.667479427003961,7.843407716460627,High,2
Ruturaj Gaikwad,capped,Batter,65.24,67.81935574,53.08542361,66.88678477,60.82665484,62.09185839,63.68606121,69.80018824,79.02591589,30.0,1800,1016.3665889952874,13.795217657878602,7.789443508547574,High,2
Tristan Stubbs,capped,Wicket Keeper,65.13,57.69257087,58.4199541,72.14501946,61.60922329,68.66537532,68.39895897,66.13582447,58.13436122,93.10101284,1000,1142.5200174434156,7.676953784738217,8.771073372051402,High,2
Ayush Badoni,capped,All Rounder,64.96,70.22739991,59.77483628,62.12365359,64.64581291,61.87954229,62.76022957,49.94375959,83.4407048,62.44473259,400,405.9778576420601,3.078817733990148,3.124829569289256,High,2
K L Rahul,elite,Wicket Keeper,64.85,66.21843143,64.06613539,74.67265158,72.88350741,67.89271022,71.36048856,71.45293766,67.77033196,30.0,1400,1413.33361728429,3.084040092521203,3.113412528437692,High,7
Nitish Rana,capped,Batter,64.55,66.58193881,51.70651557,77.80366368,56.9247096,73.37064034,73.34250871,66.65585184,74.92336852,30.0,420,598.6150538962928,3.2532920216886136,4.6368323307226404,High,2
Will Jacks,capped,All Rounder,64.27,63.3398595,58.77690783,64.42207141,55.90120985,62.49856505,59.98403624,49.16395132,78.862204,75.66959543,525,452.4485054240075,4.084331725532908,3.5199043521394704,High,2
Rahmanullah Gurbaz,capped,Wicket Keeper,63.78,73.30737915,59.22280135,75.99050564,62.71602932,72.51300503,71.03448478,59.96523043,72.84120532,30.0,200,466.90333340608595,1.5678896205707118,3.660264451286343,High,2
Rachin Ravindra,capped,All Rounder,63.66,67.50636058,56.27789544,68.46667557,62.12978411,61.86417231,64.0574994,57.5215882,67.08626147,70.43755028,400,398.8654111670867,3.141690229343387,3.132778912716672,High,2
David Miller,capped,Batter,63.59,68.80825792,58.59611246,75.73091844,59.74303064,73.26412265,71.37893345,59.96190471,58.95865944,69.67327287,750,577.4450083947016,5.897153640509514,4.540375911265149,High,2
Sherfane Rutherford,capped,All Rounder,63.57,74.65581751,66.17710878,70.27827907,67.42393209,73.0204246,70.38410201,61.51585165,75.41076391,30.0,260,308.2781927120636,2.044989775051125,2.4247144306438857,High,2
Naman Dhir,capped,Batter,63.46,64.11707442,69.57109827,82.75316714,64.39923904,84.6841204,76.92863809,69.86449244,59.50670383,30.0,535,470.2024029620431,4.215253703120076,3.704714804302262,High,2
Shimron Hetmyer,capped,Batter,63.43,62.59523289,58.50510187,77.34603732,57.24865068,75.69890742,71.40569575,62.28970822,67.72427924,49.74230714,1100,817.1258322770894,8.670975878921645,6.441162165198561,High,2
Tim David,capped,Batter,63.32,58.40706905,55.21323636,73.63644777,54.99413205,72.36173361,68.61010673,71.42310437,58.04933504,63.76126715,300,361.4223055588539,2.368919772583702,2.853934819637191,High,2
Ashutosh Sharma,capped,All Rounder,62.82,68.67149051,60.96732029,73.57466591,67.65308035,75.84558928,73.12132722,59.36564378,65.2513906,49.85194794,380,393.09477859182243,3.0245144858325372,3.1287390846213183,High,2
Mayank Agarwal,capped,Batter,62.7,60.12060465,72.93502023,82.87672566,77.64037611,73.54908528,77.54833614,69.92131785,57.11689006,30.0,100,277.06570271651617,0.7974481658692185,2.2094553645655197,High,2
Vijay Shankar,capped,All Rounder,62.15,61.15979905,55.86312814,73.30367074,65.40755374,69.90722283,71.0610245,56.36075686,61.00312826,69.7319648,120,230.45613181692542,0.9654062751407885,1.854031631672771,High,2
Rinku Singh,capped,Batter,61.65,63.68989326,60.04957151,81.19304343,58.29420804,80.70306287,75.91842525,65.46988398,61.35927346,30.0,1300,850.763883020467,10.543390105433902,6.899950389460398,High,2
Rahul Tewatia,capped,All Rounder,60.89,59.95307176,53.83259671,73.54967486,50.92091428,71.38065758,66.48814142,52.13299458,52.41104935,86.29361247,400,416.4994228208763,3.284611594678929,3.4200970834363305,High,2
Prasidh Krishna,capped,Bowler,60.78,57.4393126,75.90422471,53.01056941,79.90152323,54.12055208,59.40869716,53.91301018,55.99320028,81.90116393,950,873.2720233892048,7.815070746956235,7.183876467499217,High,2
Shahrukh Khan,capped,All Rounder,60.72,70.28801019,61.98533597,72.92879784,63.53561836,74.63799189,71.30244358,30.0,68.69969199,69.60545773,400,561.8739099050449,3.2938076416337285,4.626761445199645,High,2
Sunil Narine,elite,All Rounder,60.52,62.43931724,63.73327762,59.07757694,59.35470477,59.41543815,59.30416961,53.46622426,73.7018419,48.45425533,1200,1207.0767845075966,2.8325937116419597,2.8492984243876793,High,7
Corbin Bosch,capped,All Rounder,60.41,65.77135659,65.43585218,63.35159213,68.39090381,64.66961002,66.69157598,53.84533137,77.26139864,30.0,30,162.49498329431327,0.24830326104949513,1.344934475205374,High,2
Arshad Khan,uncapped,All Rounder,60.23,62.44466598,61.97881703,64.73162187,65.5349124,70.38667504,66.69156017,30.0,66.41010706,81.86093216,130,271.85690171930526,2.158392827494604,4.5136460521219535,High,1
Rishabh Pant,elite,Wicket Keeper,60.03,59.67412772,77.36324142,75.20483044,81.01329753,77.03363699,76.91341712,58.78145858,56.42706817,30.0,2700,1786.4819124363025,6.42535874919683,4.2514026616127705,High,7
Shivam Dube,capped,All Rounder,59.2,68.49026019,59.75827618,69.38207211,62.71279102,71.71543551,68.45253804,30.0,71.12970889,63.09545465,1200,941.7838453238841,10.135135135135135,7.954255450370642,Medium,2
Jasprit Bumrah,elite,Bowler,59.02,57.63430997,75.26503998,52.80988183,68.23468287,53.91417536,60.72195703,53.67419157,52.80638831,71.24420317,1800,1613.7859056984125,4.356876603572639,3.9061478087292745,Medium,7
Harsh Dubey,uncapped,All Rounder,58.87,63.54794316,97.72207211,67.0739332,93.98839832,75.71100963,78.83260893,30.0,61.79427648,30.0,30,85.66772342165552,0.5095974180397487,1.4552016888339652,Medium,1
Jaydev Unadkat,capped,Bowler,58.65,58.70240564,86.4501953,56.33784661,76.40884409,59.42723662,65.29108278,51.05192825,54.42285459,50.395884,100,261.95478841895624,0.8525149190110827,2.233203652335518,Medium,2
Marco Jansen,capped,All Rounder,58.26,56.9027915,71.82188783,53.7800698,67.15708982,55.19965984,58.550378,48.45640142,55.06260169,63.09545465,700,618.393723161443,6.007552351527635,5.3071895224977945,Medium,2
Venkatesh Iyer,elite,All Rounder,58.12,64.74485474,50.0727659,64.86324328,53.38698505,61.46258863,61.63970942,53.60891406,65.97909525,51.59017626,2375,1874.1246659878707,5.837675744764527,4.6065398338115005,Medium,7
Mustafizur Rahman,capped,Bowler,57.71,56.78209518,71.13056461,53.71611733,67.24634344,55.86179025,59.41051502,47.7036404,52.72815164,80.55316273,600,463.0921046695805,5.198405822214521,4.012234488559873,Medium,2
Eshan Malinga,capped,Bowler,57.71,59.20244546,90.5068651,57.05077941,78.34197523,61.30841795,66.19608834,50.97396518,56.43014542,30.0,120,316.7867078223075,1.0396811644429043,2.7446431105727562,Medium,2
Rahul Tripathi,capped,Batter,57.64,58.91430508,51.46221422,67.96457526,55.19964489,63.62905404,63.40210363,52.86506815,58.47207748,63.10343626,340,349.4746797193951,2.9493407356002774,3.031529143991977,Medium,2
Quinton de Kock,capped,Wicket Keeper,57.52,60.59585833,52.35994588,62.44288199,54.72443611,64.28398059,60.45559981,62.48230875,62.01168021,30.0,360,534.5526491752007,3.129346314325452,4.646667673637002,Medium,2
Lungisani Ngidi,capped,Bowler,57.46,56.46924157,58.69803117,51.4340964,57.48092361,52.60834787,53.87553188,49.58853472,60.45732327,75.30528494,100,143.5477022620072,0.8701705534284719,1.2491098352071632,Medium,2
Ramandeep Singh,capped,All Rounder,57.26,60.70419681,52.59010601,72.9900313,48.99011944,74.8417386,66.40345988,50.48278419,53.71820708,63.09545465,400,355.3490607738168,3.4928396786587497,3.102943248112267,Medium,2
Axar Patel,elite,All Rounder,56.79,60.79161059,53.04012926,56.70045632,54.01009809,55.44512176,55.32220748,49.94673082,64.71931952,56.55136242,1650,1444.0407212415807,4.150630141121425,3.6325326924800163,Medium,7
Mathew Breetzke,capped,Wicket Keeper,56.67,61.86902072,55.98792599,71.16596576,57.5505772,71.72127785,69.98305742,55.95169158,57.20319624,30.0,75,284.31990314184515,0.6617257808364214,2.508557465518309,Medium,2
Mitchell Santner,capped,All Rounder,56.64,57.22158864,64.86569574,57.22287653,63.51179056,58.26668759,59.22623481,30.0,55.33997023,82.48938105,200,229.90023877639982,1.7655367231638417,2.0294865711193486,Medium,2
Abhinav Manohar,capped,Batter,56.49,64.13537007,53.51202451,63.67554487,60.94981185,66.41403975,64.08103772,53.93952624,61.67533541,30.0,320,278.75330780463804,2.8323597096831294,2.467280118646115,Medium,2
Krunal Pandya,capped,All Rounder,55.92,56.50179052,60.63649305,55.27900943,57.07081459,53.78670198,56.01177126,51.57496376,60.7461713,49.90884322,575,532.4139063177158,5.141273247496423,4.760496301124069,Medium,2
MS Dhoni,elite,Wicket Keeper,55.9,58.95424571,52.70180698,61.77924325,51.84348213,62.4535348,57.21092797,55.46728771,53.37030851,59.9381107,400,884.6289538215651,1.0222335803731153,2.260743556916854,Medium,7
Ashwani Kumar,uncapped,Bowler,55.67,58.86561365,73.16485856,57.82481393,73.75974834,61.47741917,64.17106726,30.0,58.88858919,76.71876086,30,50.09343410248517,0.5388898868331238,0.8998281678190259,Medium,1
Noor Ahmad,capped,Bowler,55.48,58.08187545,72.72240014,62.09584117,70.12146089,64.98539991,65.39473236,50.9853245,55.7767938,30.0,1000,870.4047399005221,9.012256669069936,7.844310921958564,Medium,2
Romario Shepherd,capped,All Rounder,55.22,56.46460275,57.86736651,55.98522944,59.74931387,57.66140438,58.38476328,68.05713616,55.99276138,30.0,150,405.19534225724107,1.3582035494386093,3.668918347131846,Medium,2
Nitish Kumar Reddy,capped,All Rounder,54.9,55.55752314,52.35767274,56.61182184,50.03293575,54.88819946,52.76039372,47.3037931,65.18132344,55.31600154,600,570.1287710885339,5.46448087431694,5.19242960918519,Medium,2
Washington Sundar,capped,All Rounder,54.87,61.24678772,52.26438125,57.02230801,51.94949254,56.47599083,54.81481267,30.0,80.66574141,49.89571513,320,343.2932203517446,2.91598323309641,3.1282414830667453,Medium,2
Harpreet Brar,capped,Bowler,54.73,57.25902826,73.13121517,63.74106718,63.07272506,66.08652484,64.03702821,48.1851006,56.69935052,30.0,150,204.52812388846644,1.3703636031427007,1.8685193119721035,Medium,2
Anshul Kamboj,capped,All Rounder,54.7,57.37155594,69.54276915,59.80947579,64.87849539,60.81964478,61.85486717,30.0,53.84314678,64.08603522,340,311.5608012551214,3.1078610603290673,2.8479049474873985,Medium,2
Shashank Singh,capped,All Rounder,54.31,62.43640028,73.9477924,79.21187277,75.84385187,77.83957708,77.82676805,30.0,58.3793715,30.0,550,550.2671420084596,5.063524212852145,5.065983631085063,Medium,2
Prince Yadav,uncapped,Bowler,54.29,56.4519155,66.11122863,62.85879386,67.80484956,63.1302351,64.67533452,30.0,52.05831942,89.95832487,30,87.9042151182153,0.5525879535826119,1.6191603447820098,Medium,1
Jake Frazer McGurk,capped,Batter,54.27,59.37621593,48.38122441,65.00341075,49.2435539,60.80761715,60.64262606,52.86487007,60.85916536,30.0,900,592.9043555293479,8.291873963515753,5.462542431632097,Medium,2
Akash Singh,uncapped,Bowler,54.12,59.92738313,92.35843218,59.4454375,85.10689192,63.37806964,69.76828224,30.0,59.7077068,30.0,30,60.108588603986966,0.5543237250554324,1.110653891426219,Medium,1
Harshit Rana,capped,Bowler,54.05,62.51155322,62.02953885,56.8751769,63.54006508,58.50423297,60.44056664,30.0,59.46926527,70.35119736,400,527.1205392523993,3.700277520814061,4.876230705387599,Medium,2
Azmatullah Omarzai,capped,All Rounder,53.91,56.01341116,54.43859191,55.65332407,55.01372802,54.70428805,55.08566599,47.55001044,60.43579127,49.86679472,240,289.2137409719894,2.2259321090706736,2.6823756350583325,Medium,2
Yudhvir Singh Charak,uncapped,Bowler,53.83,59.65030072,92.04747075,62.12751008,90.74185902,68.74472623,75.53545062,30.0,55.37425732,30.0,35,59.44646076618641,0.6501950585175553,1.1043370010437752,Medium,1
Praveen Dubey,uncapped,All Rounder,53.76,59.42176405,85.26605343,57.12934695,74.73785209,59.79057496,63.66677802,30.0,60.04064398,30.0,30,85.66877961532336,0.5580357142857143,1.5935412874874137,Medium,1
Jofra Archer,capped,Bowler,53.55,59.09945443,63.36154529,58.24822145,62.10082843,57.29370819,59.88766847,30.0,62.46532062,62.48327916,1250,961.2070358193498,11.671335200746967,8.974855609891222,Medium,2
Glenn Maxwell,capped,Batter,53.49,56.8496136,51.33139405,57.81477461,51.40802672,54.84647936,54.83626422,51.6426925,62.79252299,30.0,420,367.32608868483396,3.9259674705552436,3.4335958934832114,Medium,2
Akash Madhwal,uncapped,Bowler,53.41,59.08810299,89.45117048,62.5745028,87.49931032,68.15454867,73.35895661,30.0,56.39058781,30.0,120,105.59089157945404,2.2467702677401236,1.9769872978740695,Medium,1
Nuwan Thushara,capped,Bowler,53.36,56.02759793,70.12901046,51.79276366,66.90971872,51.8230013,57.77191867,48.15043027,56.94259047,30.0,160,217.03335256602276,1.4992503748125938,2.0336708448840213,Medium,2
Josh Hazlewood,elite,Bowler,53.11,57.20922847,68.27102821,52.58759432,64.59705515,54.40349531,57.5562933,50.62475858,53.65332416,30.0,1250,1319.8169994440527,3.3622938913844584,3.550090107980883,Medium,7
Abdul Samad,capped,All Rounder,52.85,63.35863691,51.3847942,66.90173979,52.79657072,68.45147449,65.13328327,30.0,58.06538186,55.01121507,420,535.3718879236717,3.9735099337748343,5.065013130782135,Medium,2
Kuldeep Yadav,elite,Bowler,52.81,55.4465973,56.28078351,51.79275742,53.25718136,51.48401823,52.25278039,47.53374797,54.12906302,56.15815786,1325,1361.6152583177654,3.584277869451132,3.6833263676191343,Medium,7
Rovman powell,capped,Batter,52.56,57.45764208,48.45801556,67.72548136,46.89160817,63.19723788,64.15162688,49.64311659,56.23568003,30.0,150,255.31961821050544,1.4269406392694064,2.428839594848796,Medium,2
Digvesh Rathi,uncapped,Bowler,52.13,58.90375886,76.66897644,57.06187413,78.5826372,59.0542511,65.03166502,30.0,61.48266943,30.0,30,242.3026093956763,0.5754843660080567,4.648045451672287,Medium,1
Sai Kishore,capped,All Rounder,52.11,55.44301284,56.33019661,52.15628886,52.52147383,52.01326938,52.09861627,30.0,55.50280419,69.50706002,200,230.98935139213944,1.9190174630589139,2.216362995510837,Medium,2
William O'Rourke,capped,Bowler,51.79,59.07181812,85.96715784,56.37665365,70.78143223,60.68005621,63.08575617,30.0,57.48850509,30.0,300,287.96695481137175,2.8963120293492954,2.780140517584203,Medium,2
Mukesh Choudhary,uncapped,Bowler,51.75,56.61301864,69.22513309,53.05294702,70.56228713,53.32760245,62.41835448,30.0,51.25473602,66.56318488,30,106.07863583172474,0.5797101449275363,2.0498287117241496,Medium,1
Madhav Tiwari,uncapped,All Rounder,51.69,56.00242861,48.29108092,75.29278576,47.92790934,73.36296458,72.93457319,48.23371122,54.79761694,30.0,40,120.67480883526069,0.7738440704198104,2.3345871316552658,Medium,1
Sam Curran,capped,All Rounder,51.69,65.65899662,53.1810296,59.56895706,59.87708963,57.37906169,58.83717091,30.0,72.68567592,30.0,240,306.079068563062,2.321532211259431,2.9607184035893015,Medium,2
Varun Chakaravarthy,capped,Bowler,51.69,57.08541691,63.17546864,52.95711935,62.2276405,53.58574811,56.15949597,48.22248591,53.30397149,30.0,1200,1055.0126816636546,11.607661056297157,10.205191349039026,Medium,2
Andre Russell,capped,All Rounder,51.68,59.29860972,50.82090764,54.02028111,51.64866452,53.43840504,52.92764554,30.0,68.66174734,49.96082632,1200,906.8399902281438,11.609907120743035,8.77360671660356,Medium,2
Kamindu Mendis,capped,All Rounder,51.64,55.66314938,57.59214511,62.06941661,59.96124648,57.15541768,59.70283875,47.55504698,58.41470353,30.0,75,204.45871363133296,0.7261812548412083,1.9796544697069418,Medium,2
Ravichandran Ashwin,elite,All Rounder,51.42,57.50550519,56.16011271,54.91153467,53.03052297,54.49848942,53.83819584,30.0,55.93442429,60.70173025,975,1050.5293516188826,2.7087847974662442,2.9186235250844104,Medium,7
Kulwant Khejroliya,uncapped,Bowler,51.16,59.23635311,85.26605343,57.19945207,74.73785209,59.79057496,63.67438519,30.0,54.78991203,30.0,30,42.767142537245554,0.5863956215793589,0.8359488377100383,Medium,1
Pat Cummins,elite,Bowler,51.11,55.82564989,56.51839992,54.14833338,56.29144189,54.45699115,55.09701298,30.0,54.47854241,76.97733707,1800,1616.7261536035223,5.031165273779244,4.5188980451226275,Medium,7
Yash Thakur,uncapped,Bowler,51.03,56.63071925,57.95372529,50.97238808,64.60024704,50.37308373,56.52759031,30.0,56.58164388,66.15831712,160,179.42276264594207,3.13541054281795,3.516025135135059,Medium,1
Mohammed Siraj,capped,Bowler,50.65,54.89417754,52.08957506,50.58564432,54.32533491,49.11725918,52.34364275,30.0,52.94349319,86.14878092,1225,1122.8283993620369,12.09279368213228,11.084189529733829,Medium,2
Arshdeep Singh,elite,Bowler,50.59,55.87017922,59.5664234,50.55803135,58.53843997,50.71529904,53.96724549,47.57859831,53.06331623,30.0,1800,1661.1860746375787,5.0828791686668735,4.690893385586024,Medium,7
Hardik Pandya,elite,All Rounder,50.55,57.93722078,49.61877853,54.03673712,48.13812909,52.7764685,51.65453515,51.46962319,59.39528206,30.0,1635,1423.4372004935526,4.620601949978805,4.022713580595034,Medium,7
Wanindu Hasaranga,capped,All Rounder,50.42,54.9239346,53.11253167,48.86084713,52.74114222,47.87255488,49.98163726,30.0,56.74221131,62.44473259,525,437.28106134568526,5.206267354224514,4.336384979627978,Medium,2
Sandeep Sharma,capped,Bowler,50.41,56.11201838,65.51898341,52.13256937,60.67585479,52.75657108,55.72713614,30.0,52.83390886,63.769529,400,432.43455188346775,3.967466772465781,4.28917428965947,Medium,2
Lockie Ferguson,capped,Bowler,50.06,56.26412805,61.91238223,60.3304696,58.44384539,59.96627783,59.26311108,30.0,56.18832616,49.90884322,200,220.79599673211342,1.9976028765481422,2.2053135910119197,Medium,2
Robin Minz,uncapped,Wicket Keeper,49.97,55.21598741,47.33602791,62.31138109,47.92790934,60.46601763,56.45384331,48.15043027,53.81043849,30.0,65,220.49775426152235,1.3007804682809687,4.412602646818538,Medium,1
Khaleel Ahmed,capped,Bowler,49.96,55.81868764,55.67668473,49.90342178,58.85629411,48.95819896,53.65207228,30.0,51.74814461,75.30553565,480,674.5084365434641,4.803843074459568,6.750484753237231,Medium,2
Vaibhav Arora,capped,Bowler,49.93,56.70495285,64.43953421,51.51482034,61.95582794,52.64279802,55.99864925,30.0,54.13621746,55.49391829,180,360.9334111929204,1.8025235329461247,3.6143942638986624,Medium,2
Tushar Deshpande,capped,Bowler,49.68,55.74907052,61.29445562,52.00819283,59.96650857,52.27190898,54.48700691,30.0,51.99612708,65.19793733,625,602.5468494233512,6.290257648953301,6.064279885500716,Medium,2
Shahbaz Ahmed,uncapped,All Rounder,49.67,57.32146354,55.6869794,55.4213221,59.22702719,53.46909298,56.91365619,30.0,68.42575908,30.0,240,290.4866516579729,4.831890477149185,5.848332024521299,Medium,1
Karn Sharma,capped,Bowler,49.45,56.246465,55.19705765,53.53094228,54.79037096,53.51439571,53.89370901,30.0,54.00422707,64.11964207,50,106.30950870673891,0.5055611729019212,1.0749191982481183,Medium,2
Xavier Bartlett,capped,Bowler,49.44,55.20117719,51.27863815,49.25837967,52.78334233,47.76722973,50.94542499,30.0,71.57724095,30.0,80,138.17330735843134,0.8090614886731392,1.397383771828796,Medium,2
Harshal Patel,capped,Bowler,49.3,55.73941946,59.99109484,50.35562111,58.47952031,50.07423663,53.07103985,30.0,55.85698629,55.19139353,800,716.0282040253799,8.113590263691684,7.261949330886206,Medium,2
Maheesh Theekshana,capped,Bowler,49.28,55.67853647,60.86167197,51.24634261,58.58136211,51.51066143,54.09404131,30.0,54.7963228,55.2675389,440,518.7766563552341,4.464285714285714,5.2635618542535925,Medium,2
Kumar Kartikeya Singh,uncapped,Bowler,49.23,55.90570874,53.23398676,55.9695511,56.38901291,54.54405279,55.61544852,30.0,66.70743279,30.0,30,47.37988483385612,0.6093845216331506,0.9624189484837725,Medium,1
Vijaykumar Vyshak,capped,Bowler,49.11,55.85005107,60.79831009,50.94322569,61.38934317,51.43597669,55.35981874,30.0,50.59574916,61.98863682,180,294.89624262069395,1.832620647525962,3.0024052394694967,Medium,2
Anukul Roy,uncapped,All Rounder,49.07,57.83255543,64.5172507,52.95138686,68.51767205,53.32760245,58.32237317,30.0,57.3522358,30.0,40,112.90544126483165,0.8151620134501733,2.300905670773011,Medium,1
Yuzvendra Chahal,elite,Bowler,49.02,55.95445826,58.42091994,50.42790858,55.92213048,50.72308093,53.05566286,30.0,51.63980832,64.17469447,1800,1615.445694863535,5.245672320335722,4.707832648083974,Medium,7
Vignesh Puthur,uncapped,Bowler,48.95,57.22162284,66.1170452,54.71350705,67.98337289,55.96190409,59.75290076,30.0,57.1549388,30.0,30,40.1026330019565,0.6128702757916241,0.8192570582626455,Medium,1
Manimaran Siddharth,uncapped,Bowler,48.77,58.52734303,66.43199611,55.27050958,74.9507045,56.48194901,63.01890039,30.0,53.59810291,30.0,75,67.82512576669899,1.5378306335862209,1.3907140817449044,Medium,1
Matheesha Pathirana,capped,Bowler,48.64,56.02029253,57.09426441,50.58565016,58.80781744,50.62060774,54.02272933,30.0,51.78771593,59.78081476,1300,1069.540963579049,13.363486842105264,10.994458918370158,Medium,2
Rashid Khan,elite,All Rounder,48.38,56.0052443,51.71728589,53.26641521,48.66861411,52.49217599,50.85437187,30.0,54.33673048,51.51014561,1800,1518.1625845403487,5.315065257190102,4.48285178214241,Medium,7
Gerald Coetzee,capped,Bowler,48.37,56.65642312,51.83288912,57.52047817,51.10261119,55.47632048,53.69322096,30.0,64.53891192,30.0,240,223.60282845207533,2.4808765763903247,2.3113792480057405,Medium,2
Marcus Stoinis,capped,All Rounder,48.22,56.22494226,58.81459898,69.2374023,55.84491743,70.31099524,65.31982798,30.0,53.35330747,30.0,1100,957.6287949698441,11.406055578598092,9.929788417356326,Medium,2
Shardul Thakur,capped,All Rounder,48.21,58.26779407,58.66747175,69.15594505,51.95838982,67.63042632,59.28729302,30.0,56.36343728,30.0,30,175.5791673799791,0.3111387678904792,1.8209828601947635,Medium,2
Akash Deep,capped,Bowler,48.18,55.043759,51.66730185,65.01055083,50.38863522,63.4915467,53.70679819,30.0,51.41899636,63.49870245,800,659.9131689340959,8.302200083022,6.848413957389953,Medium,2
Trent Boult,capped,Bowler,48.06,57.42230724,67.50809333,52.69937864,66.22863606,53.70873058,58.98218913,30.0,53.40214889,30.0,1250,1066.2014501440121,13.004577611319183,11.092399606159093,Medium,2
Deepak Chahar,capped,Bowler,48.03,55.76931659,58.13446222,51.60951798,58.12628225,50.42506746,55.35121473,30.0,52.21562073,49.95607353,925,809.8870611517304,9.629398292733708,8.431054144823344,Medium,2
Ravi Bishnoi,capped,Bowler,47.82,55.66398371,51.58120382,50.17424058,48.68226297,50.25247589,49.53308454,30.0,55.5366794,54.96120469,1100,892.053180324401,11.50146382266834,9.327197619452122,Medium,2
Deepak Hooda,capped,All Rounder,47.8,56.33018154,46.93997322,55.25467336,46.8408803,53.60949117,52.79916584,30.0,54.56614224,49.86865438,170,194.33307193153607,1.778242677824268,2.032772718949122,Medium,2
Bhuvneshwar Kumar,capped,Bowler,47.64,56.29051359,59.17241004,54.77604563,60.73076542,55.03201476,57.21567712,30.0,56.78955857,30.0,1075,984.678954706437,11.282535684298908,10.334581808421882,Medium,2
Adam Zampa,capped,Bowler,47.47,56.57090306,74.05139045,51.1833822,57.66098835,51.8230013,52.11506008,30.0,53.03730017,30.0,240,261.80422418841806,2.5279123657046556,2.7575755654983998,Medium,2
Mitchell Starc,elite,Bowler,47.43,55.01504391,50.8805805,53.11425485,49.78343728,52.89645937,52.28090485,30.0,52.24337066,56.81761626,1175,1271.8461801388632,3.539050028613596,3.8307466044362015,Medium,7
Moeen Ali,capped,All Rounder,47.42,56.56500848,62.01424386,51.35773009,56.68284025,51.97402278,53.40937487,30.0,55.61566614,30.0,200,239.77371302136123,2.108814846056516,2.5281918285677056,Medium,2
Donovan Ferreira,capped,Wicket Keeper,47.4,54.14155863,45.7057685,51.79276366,43.1658789,50.37308373,50.67077929,47.26418665,49.17633456,30.0,75,268.6891202363886,0.7911392405063291,2.8342734202150695,Medium,2
Ravindra Jadeja,elite,All Rounder,47.35,56.22877202,57.66731291,54.4491222,54.49883334,54.06277125,54.34337327,30.0,58.07033559,30.0,1800,1533.6620098456856,5.430683360989591,4.6271293101393445,Medium,7
Yash Dayal,capped,Bowler,47.24,54.79732491,48.73258773,49.01197388,48.81015983,47.74202385,48.56727812,30.0,53.22229231,60.60575398,500,533.3273733147457,5.2921253175275185,5.644870589698833,Medium,2
Mohit Sharma,capped,Bowler,47.21,54.27498775,48.60631686,47.32866454,46.76439836,45.62576705,46.47781824,30.0,49.24899038,74.26367382,220,253.12119938963963,2.330014827367083,2.680800671358183,Medium,2
Mukesh Kumar,capped,Bowler,47.11,56.35086507,62.22760713,51.85353653,64.54836033,52.86213904,57.76237637,30.0,53.06655176,30.0,800,793.1434889772104,8.490766291657822,8.417995000819468,Medium,2
Avesh Khan,capped,Bowler,47.09,56.40711388,62.98924422,53.61579485,57.70950516,53.91440302,56.15378876,30.0,53.61322993,30.0,975,904.3421859521877,10.352516457846676,9.602274219071859,Medium,2
Manoj Bhandage,uncapped,All Rounder,46.97,54.08316337,45.83343156,54.90129851,44.03400746,53.32760245,53.50258896,47.25078202,50.01114704,30.0,30,82.3051028740959,0.6387055567383436,1.7522908851202021,Medium,1
Nathan Ellis,capped,Bowler,46.55,55.8953494,67.08160543,51.366293,60.01164856,51.8230013,54.48222942,30.0,51.1558254,30.0,200,215.9867828186069,2.1482277121374866,2.3199439615317607,Medium,2
Mohammad Shami,capped,Bowler,46.54,55.10761756,50.81756561,51.24301501,51.83465617,50.08136918,51.07151528,30.0,52.16178268,49.86679472,1000,750.935818811128,10.743446497636443,8.067638792556167,Medium,2
Kagiso Rabada,elite,Bowler,46.37,54.49975317,47.82819654,49.86710114,46.99277978,48.67455585,48.09704005,30.0,50.6423425,60.3669418,1075,907.0108111361378,3.311870359530485,2.7943276476050953,Medium,7
V Satyanarayana Penmetsa,uncapped,Bowler,46.3,55.71153058,58.37176119,59.42947178,56.30677607,59.43663258,58.3472476,30.0,51.42816234,30.0,30,81.13520445256461,0.6479481641468683,1.752380225757335,Medium,1
Mujeeb Ur Rahman,capped,Bowler,46.19,55.78330959,65.54288971,51.04953226,56.67304347,51.8230013,53.12509375,30.0,51.18201935,30.0,200,235.79828611143344,2.164970772894566,2.5524819886494203,Medium,2
Zeeshan Ansari,uncapped,Bowler,45.98,55.45247102,53.31155925,50.13484016,56.43497646,48.40821588,52.5494688,30.0,55.78137332,30.0,40,88.01660269377068,0.8699434536755112,1.914236683205104,Medium,1
Fazalhaq Farooqi,capped,Bowler,45.91,54.20400217,47.9344553,48.64046037,47.25348647,46.75665966,47.43907394,30.0,48.50873126,62.44473259,200,192.21409720939548,2.178174689610107,2.0933794076388095,Medium,2
Suyash Sharma,capped,Bowler,45.85,54.80781344,52.10917597,48.43020207,50.77196176,47.19676057,49.36892179,30.0,50.10929333,49.86679472,260,302.19010672782036,2.8353326063249726,3.29542101120851,Medium,2
Mayank Yadav,capped,Bowler,45.63,55.84020078,57.07445385,50.25465539,61.83523224,50.37308373,55.47493875,30.0,50.88470545,30.0,1100,821.4158129073135,12.05347359193513,9.000830735342028,Medium,2
Kwena Maphaka,capped,Bowler,45.5,55.09207554,55.30193171,65.42663846,52.27799931,62.65535972,57.06774849,30.0,50.59802771,30.0,150,203.32503236725037,1.6483516483516483,2.234341015024729,Medium,2
Ishant Sharma,capped,Bowler,45.38,55.85417592,59.18733484,49.85375285,55.59245933,49.56013771,52.36130057,30.0,50.91900277,30.0,75,176.81006353231186,0.8263552225650066,1.9481055920263535,Medium,2
Liam Livingstone,capped,All Rounder,45.27,55.11148003,47.65675902,51.14076097,44.89206075,49.47709241,48.06982007,30.0,60.72893752,30.0,875,697.3368431261368,9.66423680141374,7.701975294081476,Medium,2
Jamie Overton,capped,Bowler,45.26,54.37487725,47.36317666,57.05446473,46.80512101,54.60632423,50.73515339,30.0,49.06012015,49.91072209,150,214.91941503004665,1.657092355280601,2.3742754643177935,Medium,2
Dushmantha Chameera,capped,Bowler,45.21,55.1631698,54.69044261,52.8451041,52.77197708,52.33792015,52.64588592,30.0,52.28843705,30.0,75,164.69223415201296,0.8294625082946251,1.8214137818183251,Medium,2
Suryansh Shedge,uncapped,All Rounder,44.96,54.91588915,46.79418455,59.13815597,45.47404643,56.68162928,53.78310578,30.0,55.68995898,30.0,30,102.32928145562487,0.6672597864768683,2.2760071498137204,Medium,1
Wiaan Mulder,capped,All Rounder,44.84,55.57351875,46.93280972,52.99875152,46.24029215,50.26987308,49.64979023,30.0,57.6053949,30.0,75,185.08775101229588,0.8363068688670829,2.0638687668632456,Medium,2
Simarjeet Singh,uncapped,Bowler,44.28,54.59346761,49.84301133,48.56482736,49.37566404,46.96024265,47.68491729,30.0,53.80447626,30.0,150,143.41747549642974,3.3875338753387534,3.238877043731476,Medium,1
Rasikh Dar Salam,capped,Bowler,44.14,55.05231684,52.40139631,48.62381442,54.42416224,47.65124442,51.13051979,30.0,49.88267076,30.0,600,532.3235206097136,6.796556411418215,6.0299447282477745,Medium,2
Anrich Nortje,capped,Bowler,43.52,54.92551353,51.85984719,48.24605634,49.53710177,47.058512,48.49366321,30.0,49.26490605,30.0,650,575.3064232972479,7.46783088235294,6.609678576484924,Medium,2
Spencer Johnson,capped,Bowler,42.97,54.43765609,47.67863904,48.98498863,48.42298687,47.35214182,48.36437875,30.0,49.1353758,30.0,280,329.8876551014381,3.258087037468001,3.8385810460953933,Medium,2
Kyle Jamieson,capped,Bowler,38.94,54.40650821,50.3165705,47.1079488,52.46847235,45.18179884,51.64630615,30.0,30.0,30.0,100,132.32731749990245,1.2840267077555214,1.6991180983551932,Low,2
Chetan Sakariya,uncapped,Bowler,38.43,54.33789567,49.21636737,47.65569311,49.5585733,45.18179884,49.01798233,30.0,30.0,30.0,30,49.367325098799384,0.78064012490242,1.2846038277075043,Low,1
Rahul Chahar,capped,Bowler,37.65,54.118335,46.69519028,47.23472091,44.48388193,45.18179884,45.73426328,30.0,30.0,30.0,320,255.06082033797193,4.249667994687915,3.387261890278512,Low,2
T Natarajan,capped,Bowler,37.48,54.02507416,46.11466155,46.82593347,43.37896974,45.18179884,45.0688235,30.0,30.0,30.0,1075,803.4597393859369,14.340981856990396,10.718513065447398,Low,2
Karim Janat,uncapped,All Rounder,32.53,30.0,30.0,46.89132682,42.33961151,45.18179884,46.89132676,30.0,30.0,30.0,75,131.59034616949674,2.305564094681832,4.0451996978019285,Low,1
Kuldeep Sen,uncapped,Bowler,30.0,30.0,30.0,30.0,30.0,30.0,30.0,30.0,30.0,30.0,80,55.320733627758955,2.6666666666666665,1.844024454258632,Low,1
Vishnu Vinod,capped,Wicket Keeper,30.0,30.0,30.0,30.0,30.0,30.0,30.0,30.0,30.0,30.0,95,335.23487176238825,1.5833333333333333,5.587247862706471,Low,2
Nishant Sindhu,capped,All Rounder,30.0,30.0,30.0,30.0,30.0,30.0,30.0,30.0,30.0,30.0,30,137.14280091646822,0.5,2.285713348607804,Low,2
Swastik Chikara,uncapped,Batter,30.0,30.0,30.0,30.0,30.0,30.0,30.0,30.0,30.0,30.0,30,18.387899643651764,1.0,0.6129299881217255,Low,1
Shamar Joseph,capped,Bowler,30.0,30.0,30.0,30.0,30.0,30.0,30.0,30.0,30.0,30.0,75,74.34635887835594,1.25,1.2391059813059324,Low,2
Aryan Juyal,uncapped,Wicket Keeper,30.0,30.0,30.0,30.0,30.0,30.0,30.0,30.0,30.0,30.0,30,211.61127630892082,1.0,7.05370921029736,Low,1
RS Hangargekar,uncapped,All Rounder,30.0,30.0,30.0,30.0,30.0,30.0,30.0,30.0,30.0,30.0,30,86.07568907705354,1.0,2.8691896359017846,Low,1
Yuvraj Chaudhary,uncapped,All Rounder,30.0,30.0,30.0,30.0,30.0,30.0,30.0,30.0,30.0,30.0,30,86.07568907705354,1.0,2.8691896359017846,Low,1
Arshin Kulkarni,uncapped,All Rounder,30.0,30.0,30.0,30.0,30.0,30.0,30.0,30.0,30.0,30.0,30,86.07568907705354,1.0,2.8691896359017846,Low,1
Himmat Singh,uncapped,Batter,30.0,30.0,30.0,30.0,30.0,30.0,30.0,30.0,30.0,30.0,30,18.387899643651764,1.0,0.6129299881217255,Low,1
Nandre Burger,capped,Bowler,30.0,30.0,30.0,30.0,30.0,30.0,30.0,30.0,30.0,30.0,50,74.34635887835594,0.8333333333333334,1.2391059813059324,Low,2
Ashok Sharma,uncapped,Bowler,30.0,30.0,30.0,30.0,30.0,30.0,30.0,30.0,30.0,30.0,30,55.320733627758955,1.0,1.844024454258632,Low,1
Swapnil Singh,uncapped,All Rounder,30.0,30.0,30.0,30.0,30.0,30.0,30.0,30.0,30.0,30.0,50,86.07568907705354,1.6666666666666667,2.8691896359017846,Low,1
Mahipal Lomror,capped,All Rounder,30.0,30.0,30.0,30.0,30.0,30.0,30.0,30.0,30.0,30.0,170,137.14280091646822,2.8333333333333335,2.285713348607804,Low,2
Lhuan-dre Pretorius,uncapped,Wicket Keeper,30.0,30.0,30.0,30.0,30.0,30.0,30.0,30.0,30.0,30.0,120,211.61127630892082,4.0,7.05370921029736,Low,1
Kunal Rathore,uncapped,Wicket Keeper,30.0,30.0,30.0,30.0,30.0,30.0,30.0,30.0,30.0,30.0,30,211.61127630892082,1.0,7.05370921029736,Low,1
Shreyas Gopal,uncapped,Bowler,30.0,30.0,30.0,30.0,30.0,30.0,30.0,30.0,30.0,30.0,30,55.320733627758955,1.0,1.844024454258632,Low,1
Kamlesh Nagarkoti,uncapped,Bowler,30.0,30.0,30.0,30.0,30.0,30.0,30.0,30.0,30.0,30.0,30,55.320733627758955,1.0,1.844024454258632,Low,1
Luvnith Sisodia,uncapped,Wicket Keeper,30.0,30.0,30.0,30.0,30.0,30.0,30.0,30.0,30.0,30.0,30,211.61127630892082,1.0,7.05370921029736,Low,1
Darshan Nalkande,uncapped,All Rounder,30.0,30.0,30.0,30.0,30.0,30.0,30.0,30.0,30.0,30.0,30,86.07568907705354,1.0,2.8691896359017846,Low,1
Mayank Markande,uncapped,Bowler,30.0,30.0,30.0,30.0,30.0,30.0,30.0,30.0,30.0,30.0,30,55.320733627758955,1.0,1.844024454258632,Low,1
Vansh Bedi,uncapped,Wicket Keeper,30.0,30.0,30.0,30.0,30.0,30.0,30.0,30.0,30.0,30.0,55,211.61127630892082,1.8333333333333333,7.05370921029736,Low,1
Ramakrishna Ghosh,uncapped,All Rounder,30.0,30.0,30.0,30.0,30.0,30.0,30.0,30.0,30.0,30.0,30,86.07568907705354,1.0,2.8691896359017846,Low,1
Ajay Jadav Mandal,uncapped,All Rounder,30.0,30.0,30.0,30.0,30.0,30.0,30.0,30.0,30.0,30.0,30,86.07568907705354,1.0,2.8691896359017846,Low,1
Umran Malik,capped,Bowler,30.0,30.0,30.0,30.0,30.0,30.0,30.0,30.0,30.0,30.0,75,74.34635887835594,1.25,1.2391059813059324,Low,2
Tripurana Vijay,uncapped,All Rounder,30.0,30.0,30.0,30.0,30.0,30.0,30.0,30.0,30.0,30.0,30,86.07568907705354,1.0,2.8691896359017846,Low,1
Dasun Shanaka,capped,All Rounder,30.0,30.0,30.0,30.0,30.0,30.0,30.0,30.0,30.0,30.0,75,137.14280091646822,1.25,2.285713348607804,Low,2
Mohit Rathee,uncapped,All Rounder,30.0,30.0,30.0,30.0,30.0,30.0,30.0,30.0,30.0,30.0,30,86.07568907705354,1.0,2.8691896359017846,Low,1
Arjun Tendulkar,capped,All Rounder,30.0,30.0,30.0,30.0,30.0,30.0,30.0,30.0,30.0,30.0,30,137.14280091646822,0.5,2.285713348607804,Low,2
Lizaad Williams,capped,Bowler,30.0,30.0,30.0,30.0,30.0,30.0,30.0,30.0,30.0,30.0,75,74.34635887835594,1.25,1.2391059813059324,Low,2
Raghu Sharma,uncapped,Bowler,30.0,30.0,30.0,30.0,30.0,30.0,30.0,30.0,30.0,30.0,30,55.320733627758955,1.0,1.844024454258632,Low,1
Tim Seifert,capped,Wicket Keeper,30.0,30.0,30.0,30.0,30.0,30.0,30.0,30.0,30.0,30.0,125,335.23487176238825,2.0833333333333335,5.587247862706471,Low,2
Andre Siddarth,uncapped,Batter,30.0,30.0,30.0,30.0,30.0,30.0,30.0,30.0,30.0,30.0,30,18.387899643651764,1.0,0.6129299881217255,Low,1
Reece Topley,capped,Bowler,30.0,30.0,30.0,30.0,30.0,30.0,30.0,30.0,30.0,30.0,75,74.34635887835594,1.25,1.2391059813059324,Low,2
Harnoor Singh,uncapped,Batter,30.0,30.0,30.0,30.0,30.0,30.0,30.0,30.0,30.0,30.0,30,18.387899643651764,1.0,0.6129299881217255,Low,1
Pyla Avinash,uncapped,Batter,30.0,30.0,30.0,30.0,30.0,30.0,30.0,30.0,30.0,30.0,30,18.387899643651764,1.0,0.6129299881217255,Low,1
Jonny Bairstow,capped,Wicket Keeper,30.0,30.0,30.0,30.0,30.0,30.0,30.0,30.0,30.0,30.0,525,335.23487176238825,8.75,5.587247862706471,Low,2
Krishnan Shrijith,uncapped,Wicket Keeper,30.0,30.0,30.0,30.0,30.0,30.0,30.0,30.0,30.0,30.0,30,211.61127630892082,1.0,7.05370921029736,Low,1
Abhinandan Singh,uncapped,Bowler,30.0,30.0,30.0,30.0,30.0,30.0,30.0,30.0,30.0,30.0,30,55.320733627758955,1.0,1.844024454258632,Low,1
Blessing Muzarabani,uncapped,Bowler,30.0,30.0,30.0,30.0,30.0,30.0,30.0,30.0,30.0,30.0,75,55.320733627758955,2.5,1.844024454258632,Low,1
Charith Asalanka,capped,All Rounder,30.0,30.0,30.0,30.0,30.0,30.0,30.0,30.0,30.0,30.0,75,137.14280091646822,1.25,2.285713348607804,Low,2
Jayant Yadav,uncapped,All Rounder,30.0,30.0,30.0,30.0,30.0,30.0,30.0,30.0,30.0,30.0,75,86.07568907705354,2.5,2.8691896359017846,Low,1
Raj Bawa,uncapped,All Rounder,30.0,30.0,30.0,30.0,30.0,30.0,30.0,30.0,30.0,30.0,30,86.07568907705354,1.0,2.8691896359017846,Low,1
Bevon Jacobs,capped,All Rounder,30.0,30.0,30.0,30.0,30.0,30.0,30.0,30.0,30.0,30.0,30,137.14280091646822,0.5,2.285713348607804,Low,2
Sachin Baby,uncapped,Batter,30.0,30.0,30.0,30.0,30.0,30.0,30.0,30.0,30.0,30.0,30,18.387899643651764,1.0,0.6129299881217255,Low,1
Musheer Khan,uncapped,All Rounder,30.0,30.0,30.0,30.0,30.0,30.0,30.0,30.0,30.0,30.0,30,86.07568907705354,1.0,2.8691896359017846,Low,1
Gurnoor Brar,uncapped,Bowler,30.0,30.0,30.0,30.0,30.0,30.0,30.0,30.0,30.0,30.0,130,55.320733627758955,4.333333333333333,1.844024454258632,Low,1
Manvanth Kumar L,uncapped,All Rounder,30.0,30.0,30.0,30.0,30.0,30.0,30.0,30.0,30.0,30.0,30,86.07568907705354,1.0,2.8691896359017846,Low,1
Kusal Mendis,capped,Wicket Keeper,30.0,30.0,30.0,30.0,30.0,30.0,30.0,30.0,30.0,30.0,75,335.23487176238825,1.25,5.587247862706471,Low,2
Aaron Hardie,uncapped,All Rounder,30.0,30.0,30.0,30.0,30.0,30.0,30.0,30.0,30.0,30.0,125,86.07568907705354,4.166666666666667,2.8691896359017846,Low,1
Anuj Rawat,uncapped,Wicket Keeper,30.0,30.0,30.0,30.0,30.0,30.0,30.0,30.0,30.0,30.0,30,211.61127630892082,1.0,7.05370921029736,Low,1
Kumar Kushagra,uncapped,Wicket Keeper,30.0,30.0,30.0,30.0,30.0,30.0,30.0,30.0,30.0,30.0,65,211.61127630892082,2.1666666666666665,7.05370921029736,Low,1
Mitchell Owen,capped,All Rounder,30.0,30.0,30.0,30.0,30.0,30.0,30.0,30.0,30.0,30.0,300,137.14280091646822,5.0,2.285713348607804,Low,2
Manav Suthar,uncapped,Bowler,30.0,30.0,30.0,30.0,30.0,30.0,30.0,30.0,30.0,30.0,30,55.320733627758955,1.0,1.844024454258632,Low,1
